/*
 Navicat Premium Data Transfer

 Source Server         : localhost
 Source Server Type    : MySQL
 Source Server Version : 100414
 Source Host           : localhost:3306
 Source Schema         : webflow

 Target Server Type    : MySQL
 Target Server Version : 100414
 File Encoding         : 65001

 Date: 28/08/2020 08:11:08
*/

SET NAMES utf8mb4;
SET FOREIGN_KEY_CHECKS = 0;

-- ----------------------------
-- Table structure for cities
-- ----------------------------
DROP TABLE IF EXISTS `cities`;
CREATE TABLE `cities`  (
  `id` varchar(255) CHARACTER SET utf8mb4 COLLATE utf8mb4_general_ci NOT NULL,
  `name` varchar(1024) CHARACTER SET utf8mb4 COLLATE utf8mb4_general_ci NULL DEFAULT NULL,
  `slug` varchar(255) CHARACTER SET utf8mb4 COLLATE utf8mb4_general_ci NULL DEFAULT NULL,
  `cid` varchar(255) CHARACTER SET utf8mb4 COLLATE utf8mb4_general_ci NULL DEFAULT NULL,
  PRIMARY KEY (`id`) USING BTREE
) ENGINE = InnoDB CHARACTER SET = utf8mb4 COLLATE = utf8mb4_general_ci ROW_FORMAT = Dynamic;

-- ----------------------------
-- Records of cities
-- ----------------------------
INSERT INTO `cities` VALUES ('5f28c07ec1a3c94a6ab30453', 'Winnipeg', 'winnipeg', '5f28c06d1f617eebf74eb55f');
INSERT INTO `cities` VALUES ('5f28c19ed82a5dad9298d5f2', 'Altona', 'altona', '5f28c06d1f617eebf74eb55f');
INSERT INTO `cities` VALUES ('5f28c1a638762c2e5220d565', 'Balmoral', 'balmoral', '5f28c06d1f617eebf74eb55f');
INSERT INTO `cities` VALUES ('5f28c1af4db7cb2ac3b70b20', 'Delta Beach', 'delta-beach', '5f28c06d1f617eebf74eb55f');
INSERT INTO `cities` VALUES ('5f28c1b68b7a5d6eb2de175c', 'East Selkirk', 'east-selkirk', '5f28c06d1f617eebf74eb55f');
INSERT INTO `cities` VALUES ('5f28c1bc0b237218acb160e8', 'Headingley', 'headingley', '5f28c06d1f617eebf74eb55f');
INSERT INTO `cities` VALUES ('5f28c1cdfc8d4a1c3b9c677c', 'Ile Des Chenes', 'ile-des-chenes', '5f28c06d1f617eebf74eb55f');
INSERT INTO `cities` VALUES ('5f28c1d6ce2bd9f6c03a60d2', 'La Broquerie', 'la-broquerie', '5f28c06d1f617eebf74eb55f');
INSERT INTO `cities` VALUES ('5f28c1dbd82a5ddc5298d5f3', 'La Salle', 'la-salle', '5f28c06d1f617eebf74eb55f');
INSERT INTO `cities` VALUES ('5f28c1dfa5b59b947fdbb0d7', 'Landmark', 'landmark', '5f28c06d1f617eebf74eb55f');
INSERT INTO `cities` VALUES ('5f28c1e3d82a5d029198d5f4', 'Lockport', 'lockport', '5f28c06d1f617eebf74eb55f');
INSERT INTO `cities` VALUES ('5f28c1e9790051b14226ca56', 'Marchand', 'marchand', '5f28c06d1f617eebf74eb55f');
INSERT INTO `cities` VALUES ('5f28c1eebf5dab1336f46fdb', 'Mitchell', 'mitchell', '5f28c06d1f617eebf74eb55f');
INSERT INTO `cities` VALUES ('5f28c1f3f4e9780a7d72fca3', 'New Bothwell', 'new-bothwell', '5f28c06d1f617eebf74eb55f');
INSERT INTO `cities` VALUES ('5f28c1f9a67f44729064bc65', 'Niverville', 'niverville', '5f28c06d1f617eebf74eb55f');
INSERT INTO `cities` VALUES ('5f28c1fe20520bf7e2b32d80', 'Oakville', 'oakville', '5f28c06d1f617eebf74eb55f');
INSERT INTO `cities` VALUES ('5f28c2048c65b512699aec56', 'Otterburne', 'otterburne', '5f28c06d1f617eebf74eb55f');
INSERT INTO `cities` VALUES ('5f28c20b72855380d2ae0752', 'Portage La Prairie', 'portage-la-prairie', '5f28c06d1f617eebf74eb55f');
INSERT INTO `cities` VALUES ('5f28c21190ccd23a06237b24', 'Rosenort', 'rosenort', '5f28c06d1f617eebf74eb55f');
INSERT INTO `cities` VALUES ('5f28c2160943533156ee8896', 'Selkirk', 'selkirk', '5f28c06d1f617eebf74eb55f');
INSERT INTO `cities` VALUES ('5f28c21ce10a062276e737c8', 'St Adolphe', 'st-adolphe', '5f28c06d1f617eebf74eb55f');
INSERT INTO `cities` VALUES ('5f28c22228f2fd31839e5f8a', 'St Clements', 'st-clements', '5f28c06d1f617eebf74eb55f');
INSERT INTO `cities` VALUES ('5f28c2261db8386bb625675c', 'St Malo', 'st-malo', '5f28c06d1f617eebf74eb55f');
INSERT INTO `cities` VALUES ('5f28c22ca67f447ee364bc66', 'St Pierre-Jolys', 'st-pierre-jolys', '5f28c06d1f617eebf74eb55f');
INSERT INTO `cities` VALUES ('5f28c232162f095e6e59313a', 'Starbuck', 'starbuck', '5f28c06d1f617eebf74eb55f');
INSERT INTO `cities` VALUES ('5f28c240bf5dab6069f46fdc', 'Steinbach', 'steinbach', '5f28c06d1f617eebf74eb55f');
INSERT INTO `cities` VALUES ('5f28c27c66f51a84b599863e', 'Beausejour', 'beausejour', '5f28c06d1f617eebf74eb55f');
INSERT INTO `cities` VALUES ('5f28c78ffef94b0c821a6c3c', 'Oak Bluff', 'oak-bluff', '5f28c06d1f617eebf74eb55f');
INSERT INTO `cities` VALUES ('5f28c7b77285534494ae075b', 'Ste Anne', 'ste-anne-2', '5f28c06d1f617eebf74eb55f');
INSERT INTO `cities` VALUES ('5f28c7e603d920bdf02380b2', 'Letellier', 'letellier', '5f28c06d1f617eebf74eb55f');
INSERT INTO `cities` VALUES ('5f28c8394db7cb8577b70bfc', 'Victoria Beach', 'victoria-beach', '5f28c06d1f617eebf74eb55f');
INSERT INTO `cities` VALUES ('5f28c856e0e9a54303b114ed', 'Lac Du Bonnet', 'lac-du-bonnet', '5f28c06d1f617eebf74eb55f');
INSERT INTO `cities` VALUES ('5f28c8cdfef94b2cde1a6d1f', 'Whiteshell Provincial Pk', 'whiteshell-provincial-park', '5f28c06d1f617eebf74eb55f');
INSERT INTO `cities` VALUES ('5f28c8f58b7a5d3584de1807', 'St Norbert', 'st-norbert', '5f28c06d1f617eebf74eb55f');
INSERT INTO `cities` VALUES ('5f28c95890ccd27b76237baf', 'Nutimik Lake', 'nutimik-lake', '5f28c06d1f617eebf74eb55f');
INSERT INTO `cities` VALUES ('5f28c997d82a5dfecb98d61a', 'Winkler', 'winkler', '5f28c06d1f617eebf74eb55f');
INSERT INTO `cities` VALUES ('5f474f5acc876e60c50ea716', 'Sprague', 'sprague', '5f28c06d1f617eebf74eb55f');

-- ----------------------------
-- Table structure for collections
-- ----------------------------
DROP TABLE IF EXISTS `collections`;
CREATE TABLE `collections`  (
  `id` varchar(255) CHARACTER SET utf8mb4 COLLATE utf8mb4_general_ci NOT NULL,
  `name` varchar(1024) CHARACTER SET utf8mb4 COLLATE utf8mb4_general_ci NULL DEFAULT NULL,
  `slug` varchar(255) CHARACTER SET utf8mb4 COLLATE utf8mb4_general_ci NULL DEFAULT NULL,
  `site_id` varchar(255) CHARACTER SET utf8mb4 COLLATE utf8mb4_general_ci NULL DEFAULT NULL,
  PRIMARY KEY (`id`) USING BTREE
) ENGINE = InnoDB CHARACTER SET = utf8mb4 COLLATE = utf8mb4_general_ci ROW_FORMAT = Dynamic;

-- ----------------------------
-- Records of collections
-- ----------------------------
INSERT INTO `collections` VALUES ('5f169137cd5f8300728d8526', 'Images (NOT USED - DO NOT DELETE)s', 'images', '5f16134a4f95ff592575ca08');
INSERT INTO `collections` VALUES ('5f169137cd5f83519a8d8527', 'Projects (NOT USED - DO NOT DELETE)s', 'project', '5f16134a4f95ff592575ca08');
INSERT INTO `collections` VALUES ('5f169137cd5f8389438d8528', 'Tags (NOT USED - DO NOT DELETE)s', 'tag', '5f16134a4f95ff592575ca08');
INSERT INTO `collections` VALUES ('5f169137cd5f83a17a8d8524', 'Blog Posts (NOT USED - DO NOT DELETE)s', 'post', '5f16134a4f95ff592575ca08');
INSERT INTO `collections` VALUES ('5f169137cd5f83b96c8d8525', 'Categories (NOT USED - DO NOT DELETE)s', 'category', '5f16134a4f95ff592575ca08');
INSERT INTO `collections` VALUES ('5f16abb82444ee9518011d2a', 'Property Listings', 'property-listings', '5f16134a4f95ff592575ca08');
INSERT INTO `collections` VALUES ('5f28c06d1f617eebf74eb55f', 'Cities', 'cities', '5f16134a4f95ff592575ca08');
INSERT INTO `collections` VALUES ('5f28c2a07f8ba68943adbdb3', 'Price Ranges', 'price-ranges', '5f16134a4f95ff592575ca08');
INSERT INTO `collections` VALUES ('5f28c32761f5b4e28a03d11f', 'Property Types', 'property-types', '5f16134a4f95ff592575ca08');
INSERT INTO `collections` VALUES ('5f28c48286a83146bdfff8db', 'Listing Statuses', 'listing-status', '5f16134a4f95ff592575ca08');

-- ----------------------------
-- Table structure for listing_status
-- ----------------------------
DROP TABLE IF EXISTS `listing_status`;
CREATE TABLE `listing_status`  (
  `id` varchar(255) CHARACTER SET utf8mb4 COLLATE utf8mb4_general_ci NOT NULL,
  `name` varchar(1024) CHARACTER SET utf8mb4 COLLATE utf8mb4_general_ci NULL DEFAULT NULL,
  `slug` varchar(255) CHARACTER SET utf8mb4 COLLATE utf8mb4_general_ci NULL DEFAULT NULL,
  `cid` varchar(255) CHARACTER SET utf8mb4 COLLATE utf8mb4_general_ci NULL DEFAULT NULL,
  PRIMARY KEY (`id`) USING BTREE
) ENGINE = InnoDB CHARACTER SET = utf8mb4 COLLATE = utf8mb4_general_ci ROW_FORMAT = Dynamic;

-- ----------------------------
-- Records of listing_status
-- ----------------------------
INSERT INTO `listing_status` VALUES ('5f28c48f0b237260d0b160ef', 'Pending', 'pending', '5f28c48286a83146bdfff8db');
INSERT INTO `listing_status` VALUES ('5f28c4944e58bf506b9d43c1', 'Sold', 'sold', '5f28c48286a83146bdfff8db');
INSERT INTO `listing_status` VALUES ('5f28c4b3245a285d0e2fd967', 'For sale', 'for-sale', '5f28c48286a83146bdfff8db');
INSERT INTO `listing_status` VALUES ('5f28c4b8e051c6c3be863f54', 'For lease', 'for-lease', '5f28c48286a83146bdfff8db');
INSERT INTO `listing_status` VALUES ('5f28c4bfbf5dab4ef7f4703b', 'For rent', 'for-rent', '5f28c48286a83146bdfff8db');

-- ----------------------------
-- Table structure for logs
-- ----------------------------
DROP TABLE IF EXISTS `logs`;
CREATE TABLE `logs`  (
  `id` int(11) NOT NULL AUTO_INCREMENT,
  `rets_count` int(5) NULL DEFAULT NULL,
  `added` int(5) NULL DEFAULT NULL,
  `updated` int(5) NULL DEFAULT NULL,
  `deleted` int(5) NULL DEFAULT NULL,
  `errors` int(5) NULL DEFAULT NULL,
  `created_at` datetime(0) NULL DEFAULT NULL,
  PRIMARY KEY (`id`) USING BTREE
) ENGINE = InnoDB AUTO_INCREMENT = 4 CHARACTER SET = utf8mb4 COLLATE = utf8mb4_general_ci ROW_FORMAT = Dynamic;

-- ----------------------------
-- Records of logs
-- ----------------------------
INSERT INTO `logs` VALUES (1, 89, 0, 89, 0, 0, '2020-08-27 18:04:02');
INSERT INTO `logs` VALUES (2, 89, 0, 89, 0, 0, '2020-08-27 18:15:02');
INSERT INTO `logs` VALUES (3, 89, 0, 89, 0, 0, '2020-08-28 02:48:11');

-- ----------------------------
-- Table structure for price_ranges
-- ----------------------------
DROP TABLE IF EXISTS `price_ranges`;
CREATE TABLE `price_ranges`  (
  `id` varchar(255) CHARACTER SET utf8mb4 COLLATE utf8mb4_general_ci NOT NULL,
  `name` varchar(1024) CHARACTER SET utf8mb4 COLLATE utf8mb4_general_ci NULL DEFAULT NULL,
  `slug` varchar(255) CHARACTER SET utf8mb4 COLLATE utf8mb4_general_ci NULL DEFAULT NULL,
  `cid` varchar(255) CHARACTER SET utf8mb4 COLLATE utf8mb4_general_ci NULL DEFAULT NULL,
  PRIMARY KEY (`id`) USING BTREE
) ENGINE = InnoDB CHARACTER SET = utf8mb4 COLLATE = utf8mb4_general_ci ROW_FORMAT = Dynamic;

-- ----------------------------
-- Records of price_ranges
-- ----------------------------
INSERT INTO `price_ranges` VALUES ('5f28c2b6397ee38a604aa381', '$0 to $249,999', '0-to-249-999', '5f28c2a07f8ba68943adbdb3');
INSERT INTO `price_ranges` VALUES ('5f28c2c0a98f21369d78de56', '$250,000 to $349,999', '250-000-to-349-999', '5f28c2a07f8ba68943adbdb3');
INSERT INTO `price_ranges` VALUES ('5f28c2d520520b83b7b32f23', '$350,000 to $449,999', '350-000-to-449-999', '5f28c2a07f8ba68943adbdb3');
INSERT INTO `price_ranges` VALUES ('5f28c2e0024da61ac66ebcb6', '$450,000 to $599,999', '450-000-to-600-000', '5f28c2a07f8ba68943adbdb3');
INSERT INTO `price_ranges` VALUES ('5f28c2f10943538634ee889e', '$600,000 to $999,999', '600-000-to-999-999', '5f28c2a07f8ba68943adbdb3');
INSERT INTO `price_ranges` VALUES ('5f28c306b7311748f18a763a', 'Above $1,000,000', '1-000-000', '5f28c2a07f8ba68943adbdb3');

-- ----------------------------
-- Table structure for properties
-- ----------------------------
DROP TABLE IF EXISTS `properties`;
CREATE TABLE `properties`  (
  `id` varchar(255) CHARACTER SET utf8mb4 COLLATE utf8mb4_general_ci NOT NULL,
  `name` varchar(1024) CHARACTER SET utf8mb4 COLLATE utf8mb4_general_ci NULL DEFAULT NULL,
  `slug` varchar(255) CHARACTER SET utf8mb4 COLLATE utf8mb4_general_ci NULL DEFAULT NULL,
  `number-of-rooms` int(11) NULL DEFAULT NULL,
  `number-of-baths` int(11) NULL DEFAULT NULL,
  `square-feet` int(11) NULL DEFAULT NULL,
  `agent-contact-info` varchar(255) CHARACTER SET utf8mb4 COLLATE utf8mb4_general_ci NULL DEFAULT NULL,
  `mls-description` text CHARACTER SET utf8mb4 COLLATE utf8mb4_general_ci NULL,
  `mls-r-number` varchar(255) CHARACTER SET utf8mb4 COLLATE utf8mb4_general_ci NULL DEFAULT NULL,
  `image` varchar(255) CHARACTER SET utf8mb4 COLLATE utf8mb4_general_ci NULL DEFAULT NULL,
  `feature-image` varchar(255) CHARACTER SET utf8mb4 COLLATE utf8mb4_general_ci NULL DEFAULT NULL,
  `gallery-images` text CHARACTER SET utf8mb4 COLLATE utf8mb4_general_ci NULL,
  `price` decimal(10, 2) NULL DEFAULT NULL,
  `city` varchar(255) CHARACTER SET utf8mb4 COLLATE utf8mb4_general_ci NULL DEFAULT NULL,
  `property-type` varchar(255) CHARACTER SET utf8mb4 COLLATE utf8mb4_general_ci NULL DEFAULT NULL,
  `price-range` varchar(255) CHARACTER SET utf8mb4 COLLATE utf8mb4_general_ci NULL DEFAULT NULL,
  `status` varchar(255) CHARACTER SET utf8mb4 COLLATE utf8mb4_general_ci NULL DEFAULT NULL,
  `cid` varchar(255) CHARACTER SET utf8mb4 COLLATE utf8mb4_general_ci NULL DEFAULT NULL,
  `gallery-images-2` text CHARACTER SET utf8mb4 COLLATE utf8mb4_general_ci NULL,
  PRIMARY KEY (`id`) USING BTREE
) ENGINE = InnoDB CHARACTER SET = utf8mb4 COLLATE = utf8mb4_general_ci ROW_FORMAT = Dynamic;

-- ----------------------------
-- Records of properties
-- ----------------------------
INSERT INTO `properties` VALUES ('5f16abc2d762456791d3bce4', '102 Brookstone PL', '102-brookstone-pl', 4, 3, 1694, 'Wei Zhou (Nick) Chen', 'Showing starts now. Offers as received. Welcome to this Spectacular Park & Lake view walkout Bungalow located on one of the most exclusive street on South Pointe. 12 feet ceiling and lots of windows bring in tons of natural light. Open concept kitchen with large curve island and alum & glass kitchen cabinets. Large living room with entertainment wall, tile facing fireplace. You will see the lake and reserve park greenspace once you step out of your main floor balcony. Master bedroom is privately located on one wing of home and has large spa-inspired ensuite that has jetted tub & frameless glass shower. Separate wing has 2nd bedroom and bath. Fully finished walkout basement features a large open rec room, custom wet bar. 2 additional bedrooms, one used for theater. Built on piles and engineered floor joists. Extra wide driveway and 22\'*32 garage. New shingle (2020) Book your showings today!!!', '202013112', '5f4781057c9f6d757331cdfa', '5f4781057c9f6d757331cdfa', '[\"5f16e464cf2c6d539d1c794a\",\"5f16b17f347f3c2011541399\",\"5f16b17f3c71901b8c589d07\",\"5f16b17f1694e51cf7ad3282\",\"5f16b17f363589bb5995438a\",\"5f16b17f84f199680bdcbf43\",\"5f16b17f79f98f24e00fe08a\",\"5f16b17e5d61ac5689b9a23f\",\"5f16b17e3c71907661589d05\",\"5f16b17e5e19a9bb5f6e0dbd\",\"5f16b17e9303e877e6b83e75\",\"5f16b17dcf7d114c57376f3c\",\"5f16b17d5d61ac7ee8b9a23e\",\"5f16b17d2444ee1f7c013044\",\"5f16b17df6b2e1c436fc22fe\",\"5f16b17c347f3c5d02541396\",\"5f16b17c6025bcc95613b279\",\"5f16b17caededa73969f692b\",\"5f16b17ccf7d11c7e4376f3b\",\"5f16b17ccf7d1141cc376f3a\",\"5f16b17c9a54e150947e91f0\",\"5f16b17dd0748454eca33321\",\"5f16b17c4d2842cab05c8437\",\"5f16b17c826361c5964eb3d7\",\"5f16b17c5d61ac6208b9a23d\"]', 729900.00, '5f28c07ec1a3c94a6ab30453', '5f28c3334e58bf6e4e9d43ba', '5f28c2f10943538634ee889e', '5f28c4b3245a285d0e2fd967', '5f16abb82444ee9518011d2a', '[\"5f47cf7f02ac033d24e163d7\",\"5f47cf7f02ac0337c0e163d8\"]');
INSERT INTO `properties` VALUES ('5f187d4c4e731d1ae15d39c7', '1 Parkdale COVE', '1-parkdale-cove', 0, 0, 0, 'Roylito Balacano', 'A great place to build your Dream Home or Retirement Home on budget! Only around 15 minutes (17.5km) to Steinbach and 30 to 40 minutes (49 km) to Winnipeg. Please note: measurements shown are approximate. Actual values will be provided as soon as Vicinity/Development Plan is available (vendor will provide).', '202016323', '5f187d43b6eab1f9cee09ee3', '5f187d43b6eab1f9cee09ee3', '[\"5f187d433377077a0d0bb351\",\"5f187d43b6eab1f9cee09ee3\"]', 99900.00, '5f28c7b77285534494ae075b', '5f28c3453278064238d9d767', '5f28c2b6397ee38a604aa381', '5f28c4b3245a285d0e2fd967', '5f16abb82444ee9518011d2a', '[]');
INSERT INTO `properties` VALUES ('5f187d61d6744add92ba358a', '1 Plan 65626 Parkside DR', '1-plan-65626-parkside-dr', 0, 0, 0, 'Rick Gensiorek', 'A great opportunity awaits to build a new country home at an absolutely great location just outside of Winnipeg!!     Newly subdivided property(ies) provides an opportunity to start country living on 6 acres of prime property, located just off Highway 59 and only a few minutes  drive to all amenities located in both the City of Winnipeg and the town of Birds Hill.     Country living awaits at a very affordable price for rural property, with the added advantage of being in very close proximity of the Birds Hill Provincial Park and only a short hour drive to the Whiteshell Provincial Park.   Dreams of living in the country can become reality!  Call today for an appointment to view', '202015397', '5f187d5f388b02d0d3073562', '5f187d5f388b02d0d3073562', '[\"5f187d5f388b02d0d3073562\"]', 144900.00, '5f28c22228f2fd31839e5f8a', '5f28c3453278064238d9d767', '5f28c2b6397ee38a604aa381', '5f28c4b3245a285d0e2fd967', '5f16abb82444ee9518011d2a', '[]');
INSERT INTO `properties` VALUES ('5f187d839031579ea54c9ad1', '2 Plan 65626 Parkside DR', '2-plan-65626-parkside-dr', 0, 0, 0, 'Rick Gensiorek', 'A great opportunity awaits to build a new country home at an absolutely great location just outside of Winnipeg!!     Newly subdivided property(ies) provides an opportunity to start country living on 6 acres of prime property, located just off Highway 59 and only a few minutes  drive to all amenities located in both the City of Winnipeg and the town of Birds Hill.     Country living awaits at a very affordable price for rural property, with the added advantage of being in very close proximity of the Birds Hill Provincial Park and only a short hour drive to the Whiteshell Provincial Park.   Dreams of living in the country can become reality!  Call today for an appointment to view', '202015398', '5f187d5f388b02d0d3073562', '5f187d5f388b02d0d3073562', '[\"5f187d5f388b02d0d3073562\"]', 144900.00, '5f28c22228f2fd31839e5f8a', '5f28c3453278064238d9d767', '5f28c2b6397ee38a604aa381', '5f28c4b3245a285d0e2fd967', '5f16abb82444ee9518011d2a', '[]');
INSERT INTO `properties` VALUES ('5f187dc1c59b4b1b43b723f2', '3 865 Rathgar AVE', '3-865-rathgar-ave', 2, 3, 1300, 'Stacey Campbell', 'A wonderful residence nestled in the vibrant & perfectly located South Osborne. Wonderful home w/sought after features like main floor bath & laundry, Large windows to maximizes natural light! A/C, all brand new appliances, 2 min walk to large park, 2 min walk to rapid transit station!  ** PET FRIENDLY - NO SIZE RESTRICTIONS!Private patio off the second floor to enjoy afternoons in the sun or evening breezes. Great kitchen w/quartz countertops & SS appliances. Eat up kitchen island & formal dining area! Brand New!Master bed room is a DREAM- spoil yourself - oversize WALK IN closet and LARGE en-suite with his and hers sinks and large shower. Walk through the open concept den to your private balcony for your morning coffee!! Guest bed room - good size with large window, adjacent the second floor full bath. Elegant home with huge windows! 1300sq ft of living space, covered 2 car parking, patio off the front door. The best in location! Lord Roberts Rapid Transit popular subdivision!', '202011341', '5f187db6060f3090c107120e', '5f187db6060f3090c107120e', '[\"5f187db6060f3090c107120e\",\"5f187db62f90a05007bd9e85\",\"5f187db63377070c5d0bb4ed\",\"5f187db66d170c650ee4783a\",\"5f187db66482c4fd2c969f0f\",\"5f187db636231e0cee854685\",\"5f187db6fc337a692a0028c0\",\"5f187db723901f04b422d0a4\",\"5f187db72d790d79eabfac72\",\"5f187db7fc337ae3c00028c3\",\"5f187db66f8aae379a0aa5ef\",\"5f187db623901f1d8322d0a3\",\"5f187db6213e3d79360e2e04\"]', 329980.00, '5f28c07ec1a3c94a6ab30453', '5f28c36de051c60c8c863e93', '5f28c2c0a98f21369d78de56', '5f28c4b3245a285d0e2fd967', '5f16abb82444ee9518011d2a', '[]');
INSERT INTO `properties` VALUES ('5f187f0817f39e24d4e47d2b', '4 Bartman DR', '4-bartman-dr', 1, 2, 1002, 'Wesley Dowse', 'OTP as presented.  This home is a combination of modern design elements, quality constructiondelivered in an affordable price range! Almost a total of 2000 sq/ft. of living space when including basement square footage once completed. The main floor\'s open concept floor plan is great for entertaining whichincludes large windows and 9\' ceiling height giving the home a bright & spacious feel. The kitchen is at theheart of this home perfect for those who love to cook & entertain providing plenty of storage space, largeisland w/ seating area & huge pantry. The floor plan has a front dining area & rear living room w/ gardendoor opening onto the future back deck. The main floor includes 1 Master bedrooms & 1.5 baths, thespacious master bedroom is equipped w/ an elegantly designed ensuite w/ shower, glass door & walk incloset. Additional features include: dbl att. garage, Piled foundation, ICF basement, Engineered floor joists,5yr. New Home warranty, Net GST & much more', '202015975', '5f187f0318c17438393723e6', '5f187f0318c17438393723e6', '[\"5f187f0318c17438393723e6\"]', 339900.00, '5f28c21ce10a062276e737c8', '5f28c33f21daad0b4e56a200', '5f28c2c0a98f21369d78de56', '5f28c4b3245a285d0e2fd967', '5f16abb82444ee9518011d2a', '[]');
INSERT INTO `properties` VALUES ('5f187f1975f52aee8db1c51d', '4 Spillway COVE', '4-spillway-cove', 0, 0, 0, 'Michelle Hartin', 'Build your dream home here on 0.55 Acre Lot located in the friendly community of St Malo. Country Living minutes away from Provincial Park, beach, swimming, camping, snowmobiling, fishing, canoeing and kayaking. What a great opportunity to raise your family or to retire. This property is serviced with Water, Hydro, Telephone, Culvert and Approach. Please call listing agent for more information.', '202011452', '5f187f14514a5c7422ed8baa', '5f187f14514a5c7422ed8baa', '[\"5f187f14514a5c7422ed8baa\",\"5f187f14514a5c62dded8bab\",\"5f187f14ba1c1aebaa426652\",\"5f187f14377d2912f58189a1\"]', 39900.00, '5f28c2261db8386bb625675c', '5f28c3453278064238d9d767', '5f28c2b6397ee38a604aa381', '5f28c4b3245a285d0e2fd967', '5f16abb82444ee9518011d2a', '[]');
INSERT INTO `properties` VALUES ('5f187f46fdebf47a7ec95202', '4D 300 Roslyn RD', '4d-300-roslyn-rd', 1, 1, 583, 'Keith Tod', 'Seldom available west facing large balcony to enjoy the river view and sunsets. Bright & sunny living room & dining room. Great value for this 4th floor cozy condo in a well managed & maintained bldg. Large master bedroom with oak parquet floors, appliances included, shared laundry. Parking $30-$60, parking spots are assigned, pet friendly, excellent & quiet location in Osborne Village. Walking distance to great restaurants, memorial park, the river walk to the Forks. Work downtown walk to work no need for a bus or expensive downtown parking. All that\'s needed is your decorating touches to make this beautiful your home! This building backs onto the Assiniboine River with acres of green space. Quick possession!', '202016434', '5f187f29688c6bc556bd052a', '5f187f29688c6bc556bd052a', '[\"5f187f29688c6bc556bd052a\",\"5f187f282d790d0195bfb15a\",\"5f187f28060f301a110718e6\",\"5f187f28df353e5c383066e4\",\"5f187f286482c4923f96a13d\",\"5f187f28d56fe973372715b1\",\"5f187f28df353e23bb3066e6\",\"5f187f2839f5e83f9d4e0307\",\"5f187f2826a30b17a351bec6\",\"5f187f2b3ddb1347866d5b07\",\"5f187f2b26a30bd7a151bed0\",\"5f187f2bad0feb939b4a7bad\",\"5f187f2bfc337a0dd2002f16\",\"5f187f2a43ab5ffc1d399703\",\"5f187f2a8ee92a8ebc44224b\",\"5f187f2a72429aaa8f77a593\",\"5f187f2a6d170c6eb4e480aa\",\"5f187f2a7f23edc7c96e2545\",\"5f187f2a388b0271cb073812\",\"5f187f2afc337a84e0002f15\"]', 140000.00, '5f28c07ec1a3c94a6ab30453', '5f28c3f203d9202264238038', '5f28c2b6397ee38a604aa381', '5f28c4b3245a285d0e2fd967', '5f16abb82444ee9518011d2a', '[]');
INSERT INTO `properties` VALUES ('5f187f6d9cff1943f639d834', '11 722 Maryland ST', '11-722-maryland-st', 2, 1, 625, 'Carlton Froese', 'Offers as received! RENTERS - WHY RENT WHEN YOU CAN OWN? MORTGAGE PAYMENTS AS LOW AS $327/MONTH WITH 5% DOWN ON APPROVED CREDIT! Investors, amazing opportunity to add this turn-key, cash flowing revenue property to your portfolio. Two bedrooms with newer laminate flooring, windows, appliances and spacious bathroom. Close to major bus routes, HSC, downtown/exchange access, shopping with two playgrounds close-by. Currently rented at $900/month with Hydro included. Monthly Condo Fee $257.54 Includes: Contribution to Reserve Fund, Caretaker, Hot Water, Insurance-Common Area, Landscaping/Snow Removal, Parking, Water.', '202009309', '5f187f5218c17425e537241c', '5f187f5218c17425e537241c', '[\"5f187f5218c17425e537241c\",\"5f187f51b3d6b254bbdb47b9\",\"5f187f52ba1c1a9d324266f1\",\"5f187f52b3d6b2eda2db47ba\",\"5f187f52ad0feb18bd4a7c64\",\"5f187f5144d28f7610bf3580\",\"5f187f51b294e0633f9d914a\",\"5f187f521d6232384fe573bd\",\"5f187f5143ab5f361739a107\",\"5f187f54060f3055970718fa\",\"5f187f5536231efbbe854ab1\",\"5f187f5423901f436522d1da\",\"5f187f5459d2f38c2e1a91c8\",\"5f187f5459d2f320bc1a91c7\",\"5f187f5444d28f847ebf3581\",\"5f187f52fc337ac875002f24\",\"5f187f546d170c7cd8e480c5\",\"5f187f546d170c077fe480c6\",\"5f187f54ad0feb186b4a7c68\",\"5f187f5418c174fd7d37241d\"]', 74900.00, '5f28c07ec1a3c94a6ab30453', '5f28c3c6024da6d25f6ebcb7', '5f28c2b6397ee38a604aa381', '5f28c4b3245a285d0e2fd967', '5f16abb82444ee9518011d2a', '[]');
INSERT INTO `properties` VALUES ('5f1881235be0cc1ff0c183a0', '12 Steep Rock RD', '12-steep-rock-rd', 2, 1, 1340, 'Rick Gensiorek', 'A large TITLED lot nestled in the beautiful heart of the Whiteshell Provincial Park in close proximity to one of the parks most prestigious lakes... Nutimik Lake! This rustic cottage can easily accommodate a large summer-loving family with its ample sleeping area and separate guest cabin. A large 24ft x 14ft garage sits on a concrete pad will easily provide storage for that large boat. This property is beautifully landscaped and shows well. This is a MUST SEE which will likely not stay on the market for too long, so call today for an appointment.', '202015396', '5f1881091d62325e2ee576fc', '5f1881091d62325e2ee576fc', '[\"5f1881091d62325e2ee576fc\",\"5f18810923901f587222d34d\",\"5f18810937268c60f9d1f80e\",\"5f18810944d28f76efbf39fd\",\"5f188109ba1c1a3212426d0d\",\"5f188109a320a33b7a14e809\",\"5f1881096482c4855396a656\",\"5f18810a3377079c110bbfb7\",\"5f188109b6eab14728e0b0b8\",\"5f188109b2d4c9027b8d1536\",\"5f1881092d790d2a44bfb82d\",\"5f188109dd1fd2ea19227941\",\"5f18810840e0ea7acbf11ff6\"]', 214900.00, '5f28c95890ccd27b76237baf', '5f28c3334e58bf6e4e9d43ba', '5f28c2b6397ee38a604aa381', '5f28c4b3245a285d0e2fd967', '5f16abb82444ee9518011d2a', '[]');
INSERT INTO `properties` VALUES ('5f18815284c8a4a321e3cd6c', '14 Block 4 Dorothy Lake RD', '14-block-4-dorothy-lake-rd', 4, 3, 3416, 'Rick Gensiorek', 'Additional photos (including construction photos), video and virtual tour are location at Keller Williams www.yourfamilyteamrealtors.com Custom designed home that blends luxurious year round living with a cottage lifestyle! This beautiful 3400+ sq ft home features 4 bedrooms and 3 bathrooms nestled in the heart of Dorothy Lake. The main floor makes up an exceptional 1100 + sq ft with large open concept kitchen and living room. Numerous exceptional features include: master-chef kitchen, grand dining and living room, vaulted ceilings and private deck that provides an awe-inspiring view of the lake. Attached is an oversized 30ft x 32ft double car garage with in-floor heating to accommodate numerous seasonal toys in addition to vehicles. Other site influences include granite shoreline with amazing deck that overhangs the lake and room to accommodate other individual customized features to suit the aesthetic and functional desires of a new owner.', '202002637', '5f18814e72429a450377a8a8', '5f18814e72429a450377a8a8', '[\"5f18814e72429a450377a8a8\",\"5f1a1abc8c06c3efe0e5ca6d\",\"5f1a1abcd706275779f39bef\",\"5f1a1abb9a76685f8693c2a8\",\"5f1a1abbf8848550b2b5d23e\",\"5f1a1abbb47b365f57974432\",\"5f1a1abc535a4fb84ef8a3c6\",\"5f1a1abb2cd5b835a0daa911\"]', 1099000.00, '5f28c8cdfef94b2cde1a6d1f', '5f28c36de051c60c8c863e93', '5f28c306b7311748f18a763a', '5f28c4b3245a285d0e2fd967', '5f16abb82444ee9518011d2a', '[]');
INSERT INTO `properties` VALUES ('5f188361df8ddda07978cce8', '21 Chimney Swift WAY', '21-chimney-swift-way', 3, 3, 1816, 'Wesley Dowse', 'Offers as received, Custom designed to be built by Reve Custom Homes in St. Adolphe\'s Tourond Creek Development. This home\'s impeccable design will only be surpassed by the quality of the build. Designed to maximize it\'s space this home will feel larger than it\'s 1816sf suggests it should. The main floor features an open concept floor plan w/ living opening into dining & kitchen areas, perfect for the growing family or those who love to entertain. Kitchen features shaker style doors, laminate counter tops, large island w/ seating area & huge pantry, garden door off the kitchen opens onto your future back deck. Main floor includes 2pc. bath & mudroom /laundry opening into dbl. attached garage as well as front office /bedroom. The 2nd floor include 3 generous sized bedrooms & 2 full baths. The master bedroom is spacious & equipped w/ ensuite w/ soaker tub, shower & walk-in closet. Built on an ICF basement, includes 5yr warranty & Net GST, large lot, NO back yard neighbours!', '202015978', '5f18834637268c1729d1feef', '5f18834637268c1729d1feef', '[\"5f18834637268c1729d1feef\",\"5f188346060f3061ea072614\"]', 469900.00, '5f28c21ce10a062276e737c8', '5f28c36de051c60c8c863e93', '5f28c2e0024da61ac66ebcb6', '5f28c4b3245a285d0e2fd967', '5f16abb82444ee9518011d2a', '[]');
INSERT INTO `properties` VALUES ('5f1883a35a0a559a03c6a5ce', '24 #2 PARK', '24-2-park', 2, 1, 1152, 'Rick Gensiorek', 'Beautiful turn key recreational property on leased lot! Newer updates done throughout including large custom deck facing onto a private treed lot, renovated bathroom, newer kitchen cabinets and counter tops. Large sunroom to entertain and relax in. Perfect place to spend summers with the family. Lots of amenities close by. All rental costs covered for 2020. Call today to view!', '202012306', '5f188391688c6b1e5abd0f9b', '5f188391688c6b1e5abd0f9b', '[\"5f188391688c6b1e5abd0f9b\",\"5f18839018c1740635372c52\",\"5f188390b294e01cf09da5d6\",\"5f1883905fd4d25aebe01bec\",\"5f1883904d3fe02535d31fbb\",\"5f188390213e3d75c60e427f\",\"5f188390060f30d62e0729cb\",\"5f18839137268cc47ed1feff\",\"5f188391ad0feb30224a8bd4\",\"5f18839118c174ace0372c53\",\"5f18839172429a5d1277adda\",\"5f188390fc337ae1eb0036c8\"]', 52500.00, '5f28c856e0e9a54303b114ed', '5f28c3334e58bf6e4e9d43ba', '5f28c2b6397ee38a604aa381', '5f28c4b3245a285d0e2fd967', '5f16abb82444ee9518011d2a', '[]');
INSERT INTO `properties` VALUES ('5f1883cc685c7080fc488e7e', '24 Evergreen RD', '24-evergreen-rd', 3, 2, 1468, 'Rick Gensiorek', 'This absolutely gorgeous 4-season cottage allows a person to blend a recreational lifestyle with at-home luxury. Nestled amongst the evergreens in the Sand Cliff Estates, you can access the public beach with a 5 minute walk on one of the various trails that extend from the front door. Built in 2010, this cottage underwent a considerable makeover in 2019 and now prides itself with new paint, flooring, kitchen, and much more. The large .34 acre property has a fenced in backyard and an oversized 24x24 double attached garage. This cottage has too much to mention but a few highlights include: 200 amp service; baseboard heating with a WETT approved wood burning appliance; new vinyl siding and aluminum soffits, fascia and eaves troughs; low E argon dual pane windows; garden doors leading to an enormous front deck (cottage also has a large back deck); walk-in closet off MBR; 4 foot crawl space fully insulated and vapor barrier; 110 foot deep well; marble tile flooring in main bath; etc.This is a MUST SEE cottage!', '202006277', '5f1883b3c2241c0a0f3ed768', '5f1883b3c2241c0a0f3ed768', '[\"5f1883b3c2241c0a0f3ed768\",\"5f1883b340e0ea539ef124fb\",\"5f1883b218c174a395372c9c\",\"5f1883b267df614db6f13d19\",\"5f1883b2eb577d8088259843\",\"5f1883b2c1b99c07127b14f7\",\"5f1883b259d2f3d9301a9e78\",\"5f1883b2388b021e290748ba\",\"5f1883b26f8aaee12c0ab691\",\"5f1883b21d62322964e57b80\",\"5f1883b4d56fe92c6d27242d\",\"5f1883b4388b0223dc0748bb\",\"5f1883b3060f303a910729f6\",\"5f1883b3c1b99cc6d97b14f8\",\"5f1883b3df353e57bc307ec5\",\"5f1883b3fc337a7acf003730\",\"5f1883b326a30b051b51d005\",\"5f1883b38ee92a8d3e442e13\"]', 279900.00, '5f28c8394db7cb8577b70bfc', '5f28c3334e58bf6e4e9d43ba', '5f28c2c0a98f21369d78de56', '5f28c4b3245a285d0e2fd967', '5f16abb82444ee9518011d2a', '[]');
INSERT INTO `properties` VALUES ('5f188414689cf00db96e9f64', '26 Briarfield CRT', '26-briarfield-crt', 3, 3, 1500, 'Wesley Dowse', 'Offers as presented. Call now this awesome floor plan & build is to be completed by the Reputable Three Way Builders.  Purchaser can make finishing selections for a limited time.  This home features an awesome open concept floor plan with kitchen opening into both dining and living room areas. The kitchen enjoys a corner pantry and 6.5\' island w/ seating area.  Quality cabinets will be provided w/ stone counter tops.  The main floor also features a 2pc. powder room.  The 2nd floor is equipped w/ 3 generous sized bedrooms & 2 full baths.  Your escape to the spacious master bedroom at the end of the day includes a beautiful 4pc ensuite and a huge 5\'X 12\' walk-in closet.  This home will come complete with a 1yr. builder\'s warranty.  Call now this opportunity will not last!  Please note that exterior finishings may differ from the exterior rendering.', '202017240', '5f1884121a09397c45ad3101', '5f1884121a09397c45ad3101', '[\"5f1884121a09397c45ad3101\"]', 339900.00, '5f28c1f9a67f44729064bc65', '5f28c36de051c60c8c863e93', '5f28c2c0a98f21369d78de56', '5f28c4b3245a285d0e2fd967', '5f16abb82444ee9518011d2a', '[]');
INSERT INTO `properties` VALUES ('5f1885184f87081d642ebdab', '399 Manitoba AVE', '399-manitoba-ave', 0, 0, 0, 'Tony Martone', 'Calling all investors to add this great investment property to your portfolio. This triplex has a full basement with 2 one bedrooms suites and 1 two bedroom suite all with separate utilities. Tenants are paying all utilities.', '202017757', '5f1884f44e565757de88fc46', '5f1884f44e565757de88fc46', '[\"5f1884f44e565757de88fc46\",\"5f1884f4a080e2e2b9cff1a1\",\"5f1884f3d83ae98b9ead8b5e\",\"5f1884f3146e4b7bbefea0e2\",\"5f1884f37189c9a4d03fd041\",\"5f1884f3e2a789d3ef4fa05e\",\"5f1884f38d73e3f6c3a8c467\",\"5f1884f384d876764e30b474\",\"5f1884f24db54c2a9c84e1db\",\"5f1884f3d16c6f40c739b476\",\"5f1884f2230a85779be53a9f\",\"5f1884f2e2a78948f64fa05d\",\"5f1884f2324bad80895c00c7\",\"5f1884f28d73e3ccaba8c466\",\"5f1884f51e0bb80a1214071f\",\"5f1884f54a154bd305fd2486\",\"5f1884f5532fa9f68f18f53c\",\"5f1884f521ddd74f5fa52ac6\",\"5f1884f5b59b05711893ee73\",\"5f1884f5eec2a53d7bf959cf\",\"5f1884f501b1cde8ae835290\",\"5f1884f44f6db4fcfc80b110\",\"5f1884f44ed5e1be31c7cf01\",\"5f1884f3c080bd73d9955517\",\"5f1884f43cc8e708f208fa94\"]', 179900.00, '5f28c07ec1a3c94a6ab30453', '5f476ad468d4931c226cda30', '5f28c2b6397ee38a604aa381', '5f28c4b3245a285d0e2fd967', '5f16abb82444ee9518011d2a', '[]');
INSERT INTO `properties` VALUES ('5f18853e89f4a53dc7231d02', '36 Notley DR', '36-notley-dr', 4, 4, 2372, 'Ainsley Yoong', '36 Notley Drive is sure to impress! With over 2350+ sqft, this is your opportunity to live in one of the biggest houses on the street.  This home features 4 good sized bedrooms and 3.5 bathrooms, a HUGE family room with a wide open kitchen and a separate dining room area.The upper level has 3 beautiful bedrooms with a loft area that can be converted into a 4th bedroom.  The lower level has a huge bedroom with built in closets while the rec room has a TON of space to host all your friends and family.  This is a must see!Home features wet bar, central air, hvac, sump pump and so much more! Call now!  This is perfect for a growing family!', '202004535', '5f188525fe21b55ee05f7837', '5f188525fe21b55ee05f7837', '[\"5f188525fe21b55ee05f7837\",\"5f1885244e5657018f88fcad\",\"5f1885247189c9576b3fd05a\",\"5f188524aebb59f99e65fb6e\",\"5f188524a4d4f93e1662667d\",\"5f18852402bace5303d001df\",\"5f188524e3cc9f86cc9aee81\",\"5f188524d83ae963eead8b88\",\"5f18852401b1cdd9cd835311\",\"5f1885244ed5e10304c7cfb1\",\"5f1885241e0bb88c6d14073c\",\"5f18852421ddd7d387a52b3d\",\"5f1885261a23eee7cb13d1d9\",\"5f188526b88531dcc01e50b8\",\"5f18852572b7f87efe1fef33\",\"5f188525eeaab4f1e0a8800c\",\"5f188525fe21b531605f7838\",\"5f188525a080e25039cff1ef\",\"5f188524146e4b57bbfea0fe\"]', 469900.00, '5f28c07ec1a3c94a6ab30453', '5f28c36de051c60c8c863e93', '5f28c2e0024da61ac66ebcb6', '5f28c4b3245a285d0e2fd967', '5f16abb82444ee9518011d2a', '[]');
INSERT INTO `properties` VALUES ('5f188566bb42ec4b06acfd99', '45 Bartman DR', '45-bartman-dr', 3, 2, 1250, 'Wesley Dowse', 'OTP as presented. Call now let us customize this home for your specific taste! Custom Built Quality to be built by Reve Custom Homes, located in St.Adolphe\'s Tourond Creek. This home is a combination of modern design elements, quality constructiondelivered in an affordable price range! The main floor\'s open concept floor plan is great for entertaining whichincludes large windows and 9\' ceiling height giving the home a bright & spacious feel. The kitchen is at theheart of this home perfect for those who love to cook & entertain providing plenty of storage space, largeisland w/ seating area & huge pantry. The floor plan has a front dining area & rear living room w/ gardendoor opening onto the future back deck. The main floor includes 3 bedrooms & 2 full baths, thespacious master bedroom is equipped w/ a 3 piece ensuite & walk incloset. Additional features include: double attached garage, Piled foundation, ICF basement, Engineered floor joists,5yr. New Home warranty, Net GST & much more!', '202015968', '5f18854ba080e2e20ecff1fc', '5f18854ba080e2e20ecff1fc', '[\"5f18854ba080e2e20ecff1fc\",\"5f18854be0cebf30e7abbbb1\",\"5f18854bd368efda6b12e035\",\"5f18854b1a23ee2a4b13d1ed\",\"5f18854e404dff7bace31e86\",\"5f18854e21ddd7cf53a52b66\",\"5f18854e532fa9b60918f567\",\"5f18854de3cc9f55f99aeeb8\",\"5f18854d01b1cdb29b835320\",\"5f18854d4e56576a2c88fcd7\",\"5f18854ce3cc9f6c089aeeb7\",\"5f18854cecd4e50ad8714894\",\"5f18854c4db54c48e984e25b\",\"5f18854c532fa970ce18f566\",\"5f18854ce0cebf546babbbb3\",\"5f18854c548aa7f70a1a2991\",\"5f18854c230a853239e53bbc\",\"5f18854cb59b05967193eeac\",\"5f18854c4db54cc0db84e25a\",\"5f18854ce0cebf9e1fabbbb2\"]', 369900.00, '5f28c21ce10a062276e737c8', '5f28c33f21daad0b4e56a200', '5f28c2d520520b83b7b32f23', '5f28c4b3245a285d0e2fd967', '5f16abb82444ee9518011d2a', '[]');
INSERT INTO `properties` VALUES ('5f188579a9034b73845f1e06', '46 Amanda LANE', '46-amanda-lane', 3, 2, 1447, 'Wesley Dowse', 'Offers as presented, currently under construction. This is your opportunity to escape the city into this Modern Country themed build.  Located in the Kokomo area just North-West of La Broquerie on a maturely treed 2 acre lot. The exterior will be an attractive low maintenance combination of stucco, siding and board & batten with a front porch contributing to the country feel.  The interior features include an amazing open concept floor plan with 9\' ceilings and feature wall w/ electric fireplace. The kitchen features a huge 9\' island w/ seating area, ample cupboard & counter space opening into the dining & living room areas. The sliding door off the dining room opens onto the 16\' X 15\' Covered future deck. This home includes 3 generous sized bedrooms & 2 full baths. The master includes a 3pc ensuite & dual closets. This home is built on a ICF crawl space, includes electric forced air heat, septic tank & field and private well.  Purchase price includes Lot & Net GST. Call now for details!', '202014971', '5f18857226346cc098c8d44d', '5f18857226346cc098c8d44d', '[\"5f18857226346cc098c8d44d\",\"5f18857263186b9cbbbd2045\"]', 329900.00, '5f28c1d6ce2bd9f6c03a60d2', '5f28c3334e58bf6e4e9d43ba', '5f28c2c0a98f21369d78de56', '5f28c4b3245a285d0e2fd967', '5f16abb82444ee9518011d2a', '[]');
INSERT INTO `properties` VALUES ('5f1885d2a0c2881e3c6f3eee', '48 Prairie Crossings CRT', '48-prairie-crossings-crt', 3, 3, 1260, 'Wesley Dowse', 'Offers as presented. This less than 4yr old condo is FULLY FINISHED, comes LOADED w/ upgrades and is priced to sell! Located in Niverville\'s Prairie Crossings this home is surrounded by beauty adjacent to the front pond w/ playground & picnic shelter. Features stunning curb appeal upon approach w/ stone & Hardie Board siding & front deck & finished single att. garage. The main floor features 9\' ceiling height, 2 bedrooms, 2 baths, main floor laundry & open concept floor plan. The kitchen is outfitted w/ upgraded stainless appliances, timeless white cabinetry, under cabinet lighting & tile backsplash, opens into dining & living room areas. The living room comes complete w/ stone feature wall built-in storage cabinets & sliding door opening into 3 season sunroom. This home features a fully finished basement including a Huge Rec. room, 4pc. bathroom, 3rd bedroom, utility/storage room & wet bar - perfect for entertaining! Too many features to list this home is a must see! Call now to schedule an appointment!', '202014846', '5f1885b54a154b394cfd2713', '5f1885b54a154b394cfd2713', '[\"5f1885b54a154b394cfd2713\",\"5f1885b46a728a3b180a6c76\",\"5f1885b401b1cd68c183534f\",\"5f1885b4ba81f75084853c80\",\"5f1885b363186beab0bd21d3\",\"5f1885b4324bad508f5c0286\",\"5f1885b4e0cebfc5f9abbbed\",\"5f1885b41e0bb806bd140ab0\",\"5f1885b426346c0a2cc8d5a6\",\"5f1885b4ecd4e586df714908\",\"5f1885b474fd2e97b8c19807\",\"5f1885b6146e4b4aeafea247\",\"5f1885b6eeaab47892a88233\",\"5f1885b67c822a1bcbd0870b\",\"5f1885b6a080e2a7fbcff241\",\"5f1885b659e7a62b3e24db9e\",\"5f1885b572b7f88cee1ff018\",\"5f1885b572b7f8dd4b1ff017\",\"5f1885b4ecd4e58cfd714909\",\"5f1885b51e0bb86a86140ab1\",\"5f1885b5b59b055ee093ef27\",\"5f1885b521ddd7b728a52c1d\",\"5f1885b474fd2e719dc19808\"]', 329900.00, '5f28c1f9a67f44729064bc65', '5f28c3334e58bf6e4e9d43ba', '5f28c2c0a98f21369d78de56', '5f28c4b3245a285d0e2fd967', '5f16abb82444ee9518011d2a', '[]');
INSERT INTO `properties` VALUES ('5f1885fe878d02e749bdde5c', '50 1276 Old PTH 59 HWY', '50-1276-old-pth-59-hwy', 1, 2, 1063, 'Russel Kehler', 'Welcome to 50-1276 Old PTH 59, This immaculate 1 bedroom plus Den condo is ready for new owners. This is a main floor unit with patio facing the South. Comes complete with 2 parking Stalls and a storage locker. You do not want to miss seeing this one.', '202017022', '5f1885de84d87637d930b5d5', '5f1885de84d87637d930b5d5', '[\"5f1885de84d87637d930b5d5\",\"5f1885de26346c6985c8d5bb\",\"5f1885de4ed5e11bd4c7d160\",\"5f1885deba81f74c85853c9b\",\"5f1885deaebb598f5565fbf8\",\"5f1885ddac2666827f49d1a7\",\"5f1885deae98c1a1d482d3bf\",\"5f1885dd6a728a4fe40a6c92\",\"5f1885dd3cc8e775a508fcf5\",\"5f1885e063186b3f4ebd2272\",\"5f1885e0a4d4f916c6626817\",\"5f1885df72b7f874af1ff03c\",\"5f1885df4e56574eca88ff56\",\"5f1885df63186b9dbdbd2271\",\"5f1885de84d876cb2b30b5d7\",\"5f1885de324bad9c245c02e6\",\"5f1885deb59b05a09b93ef61\",\"5f1885de1e0bb872e4140bec\",\"5f1885deba81f75f14853c9c\",\"5f1885defe21b563245f7b42\",\"5f1885de532fa9912218f5c7\"]', 208900.00, '5f28c1cdfc8d4a1c3b9c677c', '5f28c3f203d9202264238038', '5f28c2b6397ee38a604aa381', '5f28c4b3245a285d0e2fd967', '5f16abb82444ee9518011d2a', '[]');
INSERT INTO `properties` VALUES ('5f18868dc981bc0e231daee8', '75 PETERS LANE', '75-peters-lane', 4, 2, 952, 'Russel Kehler', 'Welcome to 75 Peters Lane in Mitchell! This home features a 70 x 150 lot with plenty of space for the kids to play. With the main floor featuring 2 bedrooms and 1 bath WITH A 2 PERSON JETTED TUB!!This open floor plan has a great flow for entertaining family and friends. The dining room has a door leading right out to the large 2 tiered deck which is also a great place to watch the sunsets. No backyard neighbors to worry about. The large kitchen has ample space for storage and  the large island has loads on room for seating. The basement is almost completely finished just needs the ceiling finished, 2 bedrooms in the lower level with a 3pc bath and Large rec room. Call today to book your private showing.', '202011895', '5f188677e2a789b6624fa5cb', '5f188677e2a789b6624fa5cb', '[\"5f188677e2a789b6624fa5cb\",\"5f188677ac2666207d49d2b3\",\"5f188677ac2666da1f49d2b2\",\"5f1886797c822a24bad0878f\",\"5f18867963186b9e81bd22eb\",\"5f1886794f6db4b85980b49d\",\"5f18867972b7f8471a1ff108\",\"5f1886797c822a5080d0878e\",\"5f1886794a154bd579fd2a60\",\"5f188679e3cc9fdd699aefdc\",\"5f188678e0cebf8591abbc7e\",\"5f188678aebb593aeb65fdb9\",\"5f188678ac2666128d49d2bb\",\"5f1886784db54c788084e791\",\"5f188678b88531246b1e5335\",\"5f18867802bace2496d004c1\",\"5f188678b8853139171e5333\",\"5f188678d368ef5b1b12e48b\",\"5f188678ba81f781e1853e64\",\"5f18867872b7f8c1121ff104\",\"5f1886774a154b0bf4fd2a5f\",\"5f1886778d73e35943a8ca2a\",\"5f1886778d73e3126ea8ca29\",\"5f18867759e7a6f4e724dc9b\",\"5f1886771a23eeb95613d447\"]', 274900.00, '5f28c1eebf5dab1336f46fdb', '5f28c33f21daad0b4e56a200', '5f28c2c0a98f21369d78de56', '5f28c4b3245a285d0e2fd967', '5f16abb82444ee9518011d2a', '[\"5f47cfb397ada1c0cf7722bc\",\"5f47cfb397ada19ebf7722bb\",\"5f47cfb397ada16a007722ba\",\"5f47cfb397ada1740d7722be\",\"5f47cfb397ada1266b7722bd\"]');
INSERT INTO `properties` VALUES ('5f1886bc1304ce580aa25ffd', '104 109 Swindon WAY', '104-109-swindon-way', 2, 2, 1005, 'Stacy Brambilla', 'Showings start now, offers anytime. This 2 bedroom 2 bathroom has loads to offer! Starting with the screened in patio, extra storage unit outside, granite kitchen, stainless steel appliances, updated bathroom, walk-in closet, in suite laundry including washer and dryer. All of this in a great location with a pool and court yard, close to shopping, buses and schools. *reserve to be updated*', '202016376', '5f1886a772b7f880121ff152', '5f1886a772b7f880121ff152', '[\"5f1886a772b7f880121ff152\",\"5f1886a71e0bb83144140eb9\",\"5f1886a7324bad5b0b5c070e\",\"5f1886a6b885316b701e534e\",\"5f1886a6f31cf52f76cf863f\",\"5f1886a6230a853004e53f4a\",\"5f1886a71e0bb87eb2140eb8\",\"5f1886a61a09391170ad3444\",\"5f1886a6b88531587d1e534d\",\"5f1886a67189c910c53fd265\",\"5f1886a6c080bd37c6955a75\",\"5f1886a8aebb5940c165ff5d\",\"5f1886a8c080bdc12a955a88\",\"5f1886a7aebb599a9765ff47\",\"5f1886a74db54c085884e7ce\",\"5f1886a763186b3bf5bd2301\",\"5f1886a759e7a6857424dcaa\",\"5f1886a7324bad75e45c070f\",\"5f1886a7230a854f02e53f50\"]', 194900.00, '5f28c07ec1a3c94a6ab30453', '5f28c3c6024da6d25f6ebcb7', '5f28c2b6397ee38a604aa381', '5f28c4b3245a285d0e2fd967', '5f16abb82444ee9518011d2a', '[]');
INSERT INTO `properties` VALUES ('5f1886ef491e0d1a156e8ab6', '115 Harriet ST', '115-harriet-st', 0, 0, 0, 'Roylito Balacano', '***BIG PRICE REDUCTION*** COME & SEE BEFORE IT\'S GONE!This triplex property is a great investment! Strategically located West of the City Center, just walk to Red River College, close to University of Winnipeg, Health Sciences Center, Portage Place. This triplex has 3 units, each with a Kitchen and a Full Bathroom. The main floor unit has 2 bedrooms and a Living room. The 2nd floor unit has 5 bedrooms. The 3rd unit at the back has 1 bedroom, great for a small family or Bachelor. Vendor used to rent the each room (Rooming) for $550/mo and the Bachelor suite for $750/mo for a Gross Annual Income of around 55K! Low property tax. Included appliances in \"as-is\" condition.', '202017153', '5f1886d702baceac81d00534', '5f1886d702baceac81d00534', '[\"5f1886d702baceac81d00534\",\"5f1886d74e5657578d890670\",\"5f1886d7230a851d6ce54079\",\"5f1886d7764be52121772326\",\"5f1886d7404dff49cce323c5\",\"5f1886d759e7a6865224dccd\",\"5f1886d77c822a6172d089be\",\"5f1886d7ae98c1416e82dc83\",\"5f1886d8532fa9831118f730\",\"5f1886d8ba81f746e6853f20\",\"5f1886d7c080bdf51d955bd2\",\"5f1886d78d73e346aba8cb0a\",\"5f1886d7532fa9639018f728\",\"5f1886d7230a85e990e5407a\"]', 204900.00, '5f28c07ec1a3c94a6ab30453', '5f476ad468d4931c226cda30', '5f28c2b6397ee38a604aa381', '5f28c4b3245a285d0e2fd967', '5f16abb82444ee9518011d2a', '[]');
INSERT INTO `properties` VALUES ('5f188753878d02a715bdde65', '130 HIRSCHFELD R RD', '130-hirschfeld-r-rd', 5, 3, 1936, 'Denise Sandberg', 'Welcome to 130 Hirschfeld!!! Large entry way as you enter. The main floor is open concept with an over sized kitchen with a walk in pantry and an island. Lots of counter space for the chef in the family. Has a large family sized dinning area with lots of huge windows. Lots of natural light and patio doors that lead to the wrap around deck. The main floor has the master bedroom with it s own personal ensuite and his and her closets. There are 3 more spacious bedrooms on the main floor with one of them being used as a large office. A laundry room and full bathroom round out the main level. The lower level has 2 large bedrooms and full bath. The yard is big and beautiful! Trees line the property a lot of space for family fun. The 16  x 12  allows for extra storage. The double attached garage has work bench area as well as tons of space for storing all the toys. The lot has potential for subdivision. Front door has been replaced as well as the sealed unit in the patio door.', '202014441', '5f18872202baceed05d0058a', '5f18872202baceed05d0058a', '[\"5f18872202baceed05d0058a\",\"5f18872274fd2e3a9bc1a574\",\"5f18872226346c2e00c8d796\",\"5f188722eeaab4524fa883d1\",\"5f1887227c822abf8dd08b5f\",\"5f188722e0cebf2fa7abbcd2\",\"5f1887223cc8e76ea30907d2\",\"5f1887238d73e3491ba8cb4d\",\"5f188725230a856b55e540b0\",\"5f188724b88531006f1e54c3\",\"5f188724146e4b808ffea680\",\"5f188724fe21b517af5f8571\",\"5f188724eec2a537a2f9684a\",\"5f188722e0cebf2fa7abbcd2\",\"5f1887223cc8e76ea30907d2\",\"5f1887238d73e3491ba8cb4d\",\"5f18872372b7f800dd1ff204\",\"5f18872259e7a65ff324de0f\",\"5f1887231a23ee0dd213d4f9\",\"5f1887231a23ee59b913d4f8\",\"5f1887221a09397214ad34fa\",\"5f18872272b7f82c4a1ff203\",\"5f188722d368ef56b312e4fb\",\"5f1887221a23ee295613d4f7\",\"5f188722146e4b6d82fea665\"]', 319900.00, '5f28c240bf5dab6069f46fdc', '5f28c3334e58bf6e4e9d43ba', '5f28c2c0a98f21369d78de56', '5f28c4b3245a285d0e2fd967', '5f16abb82444ee9518011d2a', '[\"5f47cfba505397310156c65b\",\"5f47cfba5053975cee56c65d\",\"5f47cfba505397237256c65c\"]');
INSERT INTO `properties` VALUES ('5f1887d65d3ac872aafd8f4d', '201 500 Prairie TRL', '201-500-prairie-trl', 2, 2, 980, 'Wesley Dowse', 'Offers as presented. Located in Niverville\'s Prairie Crossings Condo Community! This spacious open concept floor plan boasts an intelligently designed kitchen with large island / breakfast bar, opening into dining room and living room. Two generous sized bedrooms, master features 3-pc. ensuite as well as walk-in closet.  Also features upgraded laminate flooring, timeless white cabinets, window coverings & under-cabinet lighting, in-suite laundry, stainless steel appliances, forced air heating and air conditioning, large balcony.  This three level building has great curb appeal with acrylic stucco and stone finished exterior.  Situated in a family & pet friendly community that has a park-like feel with it\'s walking trails, pond, picnic shelter and children\'s playground.  Call now to view this one in person!', '202016086', '5f1887c74db54cdc7684e939', '5f1887c74db54cdc7684e939', '[\"5f1887c74db54cdc7684e939\",\"5f1887c77c822a09e5d08d53\",\"5f1887c702baceeb49d00827\",\"5f1887c7b8853117231e553e\",\"5f1887c7764be57f9b7723ee\",\"5f1887c8146e4b19d2fea879\",\"5f1887c872b7f885b51ff25e\",\"5f1887c87c822a171dd08d54\",\"5f1887c863186be737bd2503\",\"5f1887c71e0bb8c47414113d\",\"5f1887c8c080bd0134955fb8\",\"5f1887c74f6db47bcd80b7e7\",\"5f1887c7764be53e3f7723ef\",\"5f1887c7ba81f70a448543fe\",\"5f1887c7ac2666724949d505\",\"5f1887c74ed5e145d8c7d6fa\",\"5f1887c78d73e3e50ba8cca6\"]', 194900.00, '5f28c1f9a67f44729064bc65', '5f28c3f203d9202264238038', '5f28c2b6397ee38a604aa381', '5f28c4b3245a285d0e2fd967', '5f16abb82444ee9518011d2a', '[]');
INSERT INTO `properties` VALUES ('5f1887f64fed52743fa062d3', '202 261 Queen ST', '202-261-queen-st', 1, 1, 710, 'Yuk (Barry) Lee', 'Great location and affordable condo near Polo Park. Very well presented condo with 1 good size bedroom , kitchen, dining room , in suite laundry , updated bathroom and flooring , covered parking with plug, Walking distance to Polo Park , Portage and Ness', '202009603', '5f1887e58324109447867171', '5f1887e58324109447867171', '[\"5f1887e58324109447867171\",\"5f1887e41e0bb86b70141151\",\"5f1887e44a154bd6c5fd2caf\",\"5f1887e71a09396d6ead3980\",\"5f1887e6a4d4f915fb6269a8\",\"5f1887e621ddd73909a52f1d\",\"5f1887e64a154b5c3bfd2cbf\",\"5f1887e602bacef0e0d008d3\",\"5f1887e6146e4b870afea89e\",\"5f1887e559e7a62df324dead\",\"5f1887e51a0939697dad397f\",\"5f1887e5a4d4f9672f6269a7\",\"5f1887e559e7a6808d24dea2\",\"5f1887e5532fa97a4018fe57\",\"5f1887e5ae98c1799982de02\",\"5f1887e463186b3938bd255d\",\"5f1887e41a23eeddb013d766\",\"5f1887e426346c8290c8d867\",\"5f1887e4404dff75e4e32544\",\"5f1887e4eeaab40184a8848c\",\"5f1887e4b59b05ea3b93f4ef\",\"5f1887e44db54c577e84e948\",\"5f1887e4ac2666435949d516\"]', 145000.00, '5f28c07ec1a3c94a6ab30453', '5f28c3f203d9202264238038', '5f28c2b6397ee38a604aa381', '5f28c4b3245a285d0e2fd967', '5f16abb82444ee9518011d2a', '[\"5f47cfbfb27a0e4241226e86\",\"5f47cfbfb27a0ed5bb226e87\",\"5f47cfbfb27a0e8b6a226e8a\",\"5f47cfbfb27a0e9f78226e88\",\"5f47cfbfb27a0e6014226e89\",\"5f47cfbfb27a0e37f2226e8c\",\"5f47cfbfb27a0e607a226e8b\",\"5f47cfbfb27a0e8931226e8d\"]');
INSERT INTO `properties` VALUES ('5f1888224782ad59bd99464d', '211 Beliveau RD', '211-beliveau-rd', 3, 3, 988, 'Tony Martone', 'Show and Sell. With hardwood flooring thru out Minutes to St Vital mall this 3 bedroom upgraded bungalow has plenty of room for the ever growing family in a great area close to schools,shopping and bus routes.With a four pc bath on the main floor and two more bathrooms in fully finished basement containing a large rec room,den and kitchenette. All this on a huge 53 X 137 fenced in yard.', '202015723', '5f1888078324100380867772', '5f1888078324100380867772', '[\"5f1888078324100380867772\",\"5f188807c080bd1e8295601b\",\"5f188806b88531ccbc1e558c\",\"5f188806764be530c5772435\",\"5f188805ac2666e04d49d51f\",\"5f188805ecd4e53f0e714e4f\",\"5f18880502bace6020d0094d\",\"5f1888051a23ee42f313d7a8\",\"5f188805532fa90b5418fe9c\",\"5f188805eeaab43a59a88498\",\"5f188805532fa959ad18fe9d\",\"5f188805ba81f7d73e854515\",\"5f1888083cc8e751110908f8\",\"5f1888086a728ab2f60a70b0\",\"5f188808764be50e22772437\",\"5f18880859e7a6c39724df16\",\"5f1888081a09390e45ad399c\",\"5f188807c080bd99dc95601e\",\"5f188807ae98c10d2482de0e\",\"5f18880784d876397c30ba50\",\"5f18880726346c994cc8d89c\",\"5f1888071a23ee75ee13d7b2\"]', 299900.00, '5f28c07ec1a3c94a6ab30453', '5f28c3334e58bf6e4e9d43ba', '5f28c2c0a98f21369d78de56', '5f28c4b3245a285d0e2fd967', '5f16abb82444ee9518011d2a', '[]');
INSERT INTO `properties` VALUES ('5f188859f33888a2ec9449ed', '221 Vaughan ST', '221-vaughan-st', 0, 0, 0, 'Satwant Mavi', 'Huge Price reduction of 15 K. Vendor motivated .Well Established Convenience Store with Building  in GREAT DOWNTOWN LOCATION - Across From The Bay in Downtown. Store front building with upper level complete with  LR, Kitchenette & bath. Fabulously renovated  in last 7 years. Upgrades include Electrical-200 Amps, New Central Air conditioner, High Eff Furnace ,HWT. Granite & Aluminium covering on the walls, Upgraded washrooms.  The store is  fully monitored by 4 cameras. Immediate or flexible Possession. Close to Hudson Bay, Manitoba Legislature Builging, Museum, Corporate & other offices & many multi storeyed residential buildings which makes it a perfect location ideal for this business. Owner is retiring& motivated', '202006084', '5f18884a59e7a6e92024df7e', '5f18884a59e7a6e92024df7e', '[\"5f18884a59e7a6e92024df7e\",\"5f18884a8324101ee88678ae\",\"5f18884ad368efe37012f57f\",\"5f18884be2a7890db64fac45\",\"5f18884b01b1cd7cf4835833\",\"5f18884b4e565708b0890b91\",\"5f18884b4db54cf40284ecc0\",\"5f18884b8324100bcf8678b0\",\"5f18884b764be569b077244d\",\"5f18884a01b1cdceff835832\",\"5f18884a74fd2e8471c1aa27\",\"5f18884a59e7a6a74b24df7d\",\"5f18884ab59b053ba093f512\",\"5f18884a4a154b0725fd2db1\",\"5f18884aeeaab48125a884cb\"]', 315000.00, '5f28c07ec1a3c94a6ab30453', '5f28c421fef94bf75c1a6b92', '5f28c2c0a98f21369d78de56', '5f28c4b3245a285d0e2fd967', '5f16abb82444ee9518011d2a', '[]');
INSERT INTO `properties` VALUES ('5f1888b7068f2ab57a6b38b8', '293 Main ST', '293-main-st', 0, 0, 0, 'Russel Kehler', 'owners to build to suit for tenant on one of the last available properties on Main Street in Niverville. The property size is .75 of an acre and is ideally suited for retail due to the high traffic roadway fronting the property. Based on a typical build for this type of building the lease rate is set at $18.70 per sq ft. Final rate to be determined by the specific building constructed.Niverville is the fastest growing urban community in Manitoba and also features one of the youngest ages in population numbers and one of the highest in household income. The community is positioned for retail growth with a population approaching 6000 and in position to be the next city in Manitoba within a 3 year window based on present growth. Image of property is taken from Google Earth and the property lines may not be as exactly shown. Call now for more information on the types of retail opportunities needed in the growing community of Niverville.', '202011767', '5f1888b44a154bb8a5fd2ef0', '5f1888b44a154bb8a5fd2ef0', '[\"5f1888b44a154bb8a5fd2ef0\"]', 44880.00, '5f28c1f9a67f44729064bc65', '5f28c44bf4e9782db472febb', '5f28c2b6397ee38a604aa381', '5f28c4b3245a285d0e2fd967', '5f16abb82444ee9518011d2a', '[]');
INSERT INTO `properties` VALUES ('5f1888e21a6ef82e2a67454f', '315 Second ST S', '315-second-st-s', 4, 4, 3180, 'Barry Rochelle', 'Welcome to 315 Second Street South in Lovely Beausejour. Offers Anytime!! Featuring 3180 sq ft Two Storey Custom Built Home. This Beautiful Home is situated on a Large Maturely Treed Lot with both a Front & Side Drive. This Custom Built Home by the current owners with only the top quality materials used. Some of the many features include, Main Floor Master Bedroom with it\'s own Private Ensuite which features a Jetted Tub, separate shower. The Main floor has a 2 PCS Bath, Large Main Floor Laundry, large Island featured in the Kitchen which has Loads of Oak Cabinets, Corian Countertops, Eat-In Kitchen, Pantry, Kitchen Sink with a window looking out the Back Yard. Formal Dining Room, Large Formal Living Room with a Wood Burning Fireplace, Family Room with a Wet Bar, Sunroom with Beautiful Vaulted Ceilings.The 2nd Floor Features a Large Open Loft area with Built In Desks, 3 more Large Bedrooms with Loads of Closet Space, Large Double Sink Main Bathroom. Large unfinished basement, O/S Garage', '202015234', '5f1888c2c080bd445c9562f2', '5f1888c2c080bd445c9562f2', '[\"5f1888c2c080bd445c9562f2\",\"5f1888c2eec2a56737f96bbe\",\"5f1888c202bace1086d00b92\",\"5f1888c28d73e3508ca8cef0\",\"5f1888c1ba81f77ccd8547d8\",\"5f1888c17c822a72aed090f2\",\"5f1888c1ae98c1f92c82def2\",\"5f1888c14f6db4957780bbce\",\"5f1888c17c822a34a2d090f1\",\"5f1888c1eec2a579bff96bbd\",\"5f1888c17189c911db3fd727\",\"5f1888c11a23ee91b213d945\",\"5f1888c41a0939521ead3aae\",\"5f1888c4324bad60225c0bd9\",\"5f1888c4d368ef44b012f6c0\",\"5f1888c4230a853ab8e542ac\",\"5f1888c41e0bb83ddf141345\",\"5f1888c4ae98c14dd982defe\",\"5f1888c4aebb59559666044a\",\"5f1888c4404dff1a58e325c9\",\"5f1888c34ed5e15884c7eac5\",\"5f1888c2d368ef310312f6be\",\"5f1888c2eec2a55410f96bbf\",\"5f1888c2404dff4ea1e325c8\",\"5f1888c2a4d4f98783626c98\"]', 424900.00, '5f28c27c66f51a84b599863e', '5f28c36de051c60c8c863e93', '5f28c2d520520b83b7b32f23', '5f28c4b3245a285d0e2fd967', '5f16abb82444ee9518011d2a', '[\"5f47cfc98c6baf1b8e0b34f4\",\"5f47cfc98c6baf56a70b34ed\",\"5f47cfc98c6bafbf170b34ec\",\"5f47cfc98c6baf23600b34ee\",\"5f47cfc98c6baf01a20b34f2\",\"5f47cfc98c6baf5e990b34f3\",\"5f47cfc98c6baff4440b34f0\",\"5f47cfc98c6baf57f00b34f1\",\"5f47cfc98c6baf5b8a0b34ef\",\"5f47cfc98c6baf36df0b34f5\",\"5f47cfc98c6baf16ed0b34f6\"]');
INSERT INTO `properties` VALUES ('5f1889149afcd970b123c7d0', '352 East Lakeshore RD', '352-east-lakeshore-rd', 0, 0, 192, 'Michelle Hartin', 'Measurements are +/- Jogs. Looking for a summer get away or looking to build something more permanent? This property is exactly what you have been waiting for. Partially serviced lot with Hydro and holding tank located near St Malo, MB. This private property is Approx 102ft x 457ft with access to river thru crown land. You will find your very own cozy one room cabin (12x16) which included hide-a-bed sofa, table and chairs. Garage (24x24) with wood burning stove & built in wall hide-a-bed frame and storage shed (7x10). This property is also offered with a 2007 Dodge Fifth wheel. Book your showing today!', '202013028', '5f188907a4d4f990db626cb5', '5f188907a4d4f990db626cb5', '[\"5f188907a4d4f990db626cb5\",\"5f1889073cc8e71f33090b0c\",\"5f188906c080bd0b99956316\",\"5f1889074f6db42e2680bc44\",\"5f188907eec2a5b9f2f96be9\",\"5f1889078324103d95867a30\",\"5f188907146e4b50f0feaa66\",\"5f188907d16c6f15ac39bf0d\",\"5f18890726346c5111c8d9e4\",\"5f188907c080bdd0f9956317\",\"5f188907548aa740301a360e\",\"5f188907eeaab46973a88585\",\"5f1889074e5657d0f1891a8d\",\"5f18890702bace15d7d00be9\"]', 129900.00, '5f28c2261db8386bb625675c', '5f28c3453278064238d9d767', '5f28c2b6397ee38a604aa381', '5f28c4b3245a285d0e2fd967', '5f16abb82444ee9518011d2a', '[]');
INSERT INTO `properties` VALUES ('5f18896dc981bc3eee1daef1', '404 1133 Portage AVE', '404-1133-portage-ave', 2, 1, 717, 'Tony Martone', 'Welcome to The Icon on Portage! Join the transformation of a historic West End location complemented by exceptional quality and luxury finishes providing residents with outstanding value. This brand new condo development is located at the corner of Portage Avenue and Minto Street situated on the edge of Wolseley, in close proximity to West Broadway and minutes from downtown and Polo Park. This 717 square foot suite has two bedroom and one full bathroom. An open concept layout with 9 foot ceilings and large windows making for a bright and airy design. You will find modern luxury touches throughout including stainless steel kitchen appliances, beautiful quartz countertops and soft close cabinetry. Other features include in suite laundry+ storage unit as well as underground parking.READY FOR IMMEDIATE POSSESSION! Don t miss your chance to own one of the only newly built condos in the area!', '202007837', '5f1886c7404dff0b8be323bc', '5f1886c7404dff0b8be323bc', '[\"5f1886c7404dff0b8be323bc\",\"5f1889534db54c6b2384efd2\",\"5f1889534db54cbde884efd1\",\"5f188953eeaab402b9a885e4\",\"5f1889547189c936443fda44\",\"5f188954ba81f719c8854945\",\"5f1889543cc8e7c70e090b99\",\"5f188954a080e25d31cff8c5\",\"5f18895301b1cd59a3835905\",\"5f188954146e4b320cfeaa94\",\"5f188954ae98c16bd482dffa\",\"5f188953a4d4f9d25c626ce7\"]', 264900.00, '5f28c07ec1a3c94a6ab30453', '5f28c3f203d9202264238038', '5f28c2c0a98f21369d78de56', '5f28c4b3245a285d0e2fd967', '5f16abb82444ee9518011d2a', '[]');
INSERT INTO `properties` VALUES ('5f188a754a38dd7c49c7f7f5', '425 Joubert ST', '425-joubert-st', 5, 2, 2030, 'Cindy Grenier', 'Large upgraded family home in the heart of booming St Pierre Jolys. This 2,030 sq ft home with 5 bedrooms and two full bathrooms has had several upgrades in the past few years: electrical panel (2015), roof (2018), floors, newer air conditioning unit, newer furnace, newer hot water tank, etc. This solid home holds loads of potential to remodel as a beautiful family home or convert to a duplex. The treed yard is spacious and low maintenance. Under $90/sq ft, this house is priced to sell. Ready for a new owner to make it their own! Located only 35 minutes to the south perimeter and 20 minutes from Steinbach, St Pierre Jolys offers shopping, schools, park, recreation, RCMP, hospital, etc. Book your showing today!', '202014542', '5f188a57832410102e867f64', '5f188a57832410102e867f64', '[\"5f188a57832410102e867f64\",\"5f188a57fe21b52e905f8faf\",\"5f188a57230a853d3be5467f\",\"5f188a574e5657c30589253b\",\"5f188a578d73e30b58a8d360\",\"5f188a564a154b2e19fd3356\",\"5f188a567189c92a813fdc57\",\"5f188a56404dffa24fe327f4\",\"5f188a56532fa975ef19088f\",\"5f188a56404dff78cbe327f5\",\"5f188a57ecd4e5261c7153a6\",\"5f188a56b8853122881e5cbb\",\"5f188a56d16c6f240639c450\",\"5f188a5959e7a6f47124e2f3\",\"5f188a59c080bd58949564e1\",\"5f188a59eeaab47c82a88b63\",\"5f188a59ae98c1822182e238\",\"5f188a58eec2a58b83f96d55\",\"5f188a587189c974c73fdc59\",\"5f188a5863186bab98bd280f\",\"5f188a58b59b057cb593fa5b\",\"5f188a58ba81f75e60854bb7\",\"5f188a5801b1cd0d92835c65\",\"5f188a58a4d4f9bcaf627175\"]', 175000.00, '5f28c22ca67f447ee364bc66', '5f28c36de051c60c8c863e93', '5f28c2b6397ee38a604aa381', '5f28c4b3245a285d0e2fd967', '5f16abb82444ee9518011d2a', '[\"5f47cfd234e75e1e9bce2093\"]');
INSERT INTO `properties` VALUES ('5f188a8baf64af9d490b4cc9', '430 Kuzenko ST', '430-kuzenko-st', 0, 0, 0, 'Russel Kehler', 'This brand new unit is 1600 sq ft and located in the Niverville Industrial Park. Suitable for retail, warehouse or some industrial use with 16\' sidewalls and a mezzanine floor that can be added to increase sq ft space. . The shop entry doors are 12\' wide and 14\' high and come with remote opener. Also features seperate front and rear door entry and front, rear and side windows. The floors have a drain and are heated with infloor gas boiler heat. Standard electrical services panels come with 100 amp / 240 volt service. 200 amp panels are available if needed. Each unit has a fenced in and secured compound with a side gate that opens to the compound. Each unit comes with a bathroom including a toilet and sink. Ready for occupancy. CAD is approx. $4.00 per sq ft in addition to lease.Lease rate is based on a 5 year term and priced at $11.55 per sq ft.', '202011652', '5f188a89e3cc9fc0199b08d2', '5f188a89e3cc9fc0199b08d2', '[\"5f188a89aebb594639660c61\",\"5f188a89e3cc9fc0199b08d2\"]', 18560.00, '5f28c1f9a67f44729064bc65', '5f28cebea5b59b3763dbb180', '5f28c2b6397ee38a604aa381', '5f28c4b3245a285d0e2fd967', '5f16abb82444ee9518011d2a', '[]');
INSERT INTO `properties` VALUES ('5f188b30dde2d710ad2b2bef', '554 Ross AVE', '554-ross-ave', 4, 2, 1176, 'Satwant Mavi', 'Easy to show at short notice. Offers presented As recieved. Vendor is motivated. Moving to Toronto.ideal property for investment or first time buyers  .Wheelchair friendly  4 Bedroom, 2 Full bath 1 3/4 STOREY Home in Central Area. Great Location close to Health sciences, downtown, red river college , Transit , New tim horton & all other amenities. Main floor has Forma lLiving/Dinning Room, Beautiful large kitchen ,full bath, bedroom & laundry. Includes Fridge, Stove,  Washer, Dryer. Copper PLlumbing, Updated  Wiring. Glass/screened front porch(SUMMER SITTI NG AREA.) Great back porch for storage. The spacious Backyard has a detached garrage.. Unique Poperty ideal for a Large family or A great rental. Presently rented at $1400 per month  plus all utilities.. Tenants would like to stay.Upgrade includes new shingles in 2019. Brand New Hot Water Tank June 2020.', '202015596', '5f188b188d73e3b0b8a8d3f3', '5f188b188d73e3b0b8a8d3f3', '[\"5f188b188d73e3b0b8a8d3f3\",\"5f188b18f31cf5108dcf919f\",\"5f188b18764be541e3772959\",\"5f188b1874fd2e010ac1af28\",\"5f188b1874fd2e617ec1af20\",\"5f188b18fe21b549625f917b\",\"5f188b187c822a344ed095bb\",\"5f188b18c080bd004a9565aa\",\"5f188b1ae0cebf4b2fabc320\",\"5f188b19ae98c1081082e731\",\"5f188b191e0bb816fe14169f\",\"5f188b18764be52c4077295a\",\"5f188b18e2a78935ee4fb702\",\"5f188b184db54c4dd284f0cf\",\"5f188b18a4d4f9c8bb6273a1\",\"5f188b18764be52c4077295a\",\"5f188b186a728a2d760a7e7e\",\"5f188b18146e4b6d29feae93\"]', 144750.00, '5f28c07ec1a3c94a6ab30453', '5f28c368fc8d4a11b39c677f', '5f28c2b6397ee38a604aa381', '5f28c4b3245a285d0e2fd967', '5f16abb82444ee9518011d2a', '[]');
INSERT INTO `properties` VALUES ('5f188b92a9034bb29d5f225d', '629 Cote AVE E', '629-cote-ave-e', 3, 2, 1336, 'Michelle Hartin', '*** OPEN HOUSE SAT AUG 22 (1PM-3PM)***WOW. This is the one! Gorgeous home, built with quality. Perfectly located in the community of St. Pierre Jolys offering numerous amenities. This lovely home offers a generous 1336 Sqft. 3 Beds. 2 Baths. Double attached Garage. Open concept Kitchen/Dining/Living area with large windows. Kitchen offers soft close draws and island. Master suite includes walk in closet and beautiful 3 pcs en-suite. Additional features such as ICF bsmt, triple pane windows and 5 Year Warranty!!! Shared Well agreement. Town sewers. Price includes Net GST. Call for more details.', '202016737', '5f188b8159e7a6527a24e54f', '5f188b8159e7a6527a24e54f', '[\"5f188b8159e7a6527a24e54f\",\"5f188b81fe21b56bf25f9357\",\"5f188b80404dff3767e329ef\",\"5f188b80548aa703bd1a4057\",\"5f188b7feec2a50f26f96f92\",\"5f188b7f7c822a5285d0962e\",\"5f188b7f59e7a680f624e54c\",\"5f188b7fb88531dda91e5e65\",\"5f188b7fe0cebfc6b5abc371\",\"5f188b7f8324104511868222\",\"5f188b7f4a154bb7c3fd354b\",\"5f188b7f6a728a04140a7f3a\",\"5f188b82532fa96ed8190acc\",\"5f188b81c080bdbb369567d6\",\"5f188b81aebb59189d661041\",\"5f188b81404dff7f05e329f1\",\"5f188b81404dffdf21e329f0\",\"5f188b8174fd2e6f5bc1aff8\",\"5f188b818d73e3e60ca8d534\"]', 309900.00, '5f28c22ca67f447ee364bc66', '5f28c33f21daad0b4e56a200', '5f28c2c0a98f21369d78de56', '5f28c4b3245a285d0e2fd967', '5f16abb82444ee9518011d2a', '[]');
INSERT INTO `properties` VALUES ('5f188bccc981bc82f31daf2c', '653 McMillan AVE', '653-mcmillan-ave', 0, 0, 1100, 'Tony Martone', 'Don\'t miss this opportunity to enjoy this quiet, inclusive building.Beautiful Front Balcony/Patio High Speed Internet,In suite laundry with full sized stacked washer and dryer,large closets,contemporary design.The location offers shopping, walking paths, public transit, bars, outdoor pools, parks, entertainment, festival, live music, restaurants and nightlife steps from your door!2-bedroom, 1-bathroom suites are available for rent on both the main, and upper floors.Every suite has walk-out balconies, and high levels of finish and detailing,vinyl plank flooring, Hardie+Acrylic stucco exterior:1100 Square Feet Large Master & Second Bedrooms Brand-new stainless-steel kitchen appliances; laundry in suite Unit specific Central Air, Electric Furnace, Programmable Thermostat Fresh Air Sound proofing construction Large, bright windows Lots of storage 9-foot ceilings Quartz counter tops and the list of luxury goes on!$1790 per month, Includes high speed Internet.', '202016244', '5f188bc0b59b05efc293fd10', '5f188bc0b59b05efc293fd10', '[\"5f188bc0b59b05efc293fd10\",\"5f188bc0d368efa02012ff21\",\"5f188bbf63186b8b0abd2d49\"]', 1790.00, '5f28c07ec1a3c94a6ab30453', '5f28c3f203d9202264238038', '5f28c2b6397ee38a604aa381', '5f28c4b3245a285d0e2fd967', '5f16abb82444ee9518011d2a', '[]');
INSERT INTO `properties` VALUES ('5f188bd85d3ac8a87afd8f5f', '706 Birkdale COVE', '706-birkdale-cove', 0, 0, 0, 'Russel Kehler', 'Located in Niverville just a short 17 minutes drive south of the Perimeter. BUILD YOUR CUSTOM HOME ON THIS LARGE 72 FRONTAGE WALKOUT LOT. This lot is located on Birkdale Cove and you will love the stunning back yard view. The Highlands features over 36 acres of lakes that are all connected and Old Drovers Run Golf Course intertwines throughout the sub division. Join so many others who have made NIVERVILLE the youngest and fastest growing urban community in Manitoba by purchasing your lot today.', '202013454', '5f188bd659e7a640c224e66f', '5f188bd659e7a640c224e66f', '[\"5f188bd6548aa774bd1a40d9\",\"5f188bd6a4d4f90f576274e6\",\"5f188bd659e7a640c224e66f\"]', 104900.00, '5f28c1f9a67f44729064bc65', '5f28c3453278064238d9d767', '5f28c2b6397ee38a604aa381', '5f28c4b3245a285d0e2fd967', '5f16abb82444ee9518011d2a', '[]');
INSERT INTO `properties` VALUES ('5f188bf39a7251138d048e21', '711 Birkdale COVE', '711-birkdale-cove', 0, 0, 0, 'Russel Kehler', 'Located in Niverville just a short 17 minutes drive south of the Perimeter. BUILD YOUR CUSTOM HOME ON THIS LARGE 72 FRONTAGE WALKOUT LOT. This lot is located on Birkdale Cove and you will love the stunning back yard view. The Highlands features over 36 acres of lakes that are all connected and Old Drovers Run Golf Course intertwines throughout the sub division. Join so many others who have made NIVERVILLE the youngest and fastest growing urban community in Manitoba by purchasing your lot today.', '202013455', '5f188bd659e7a640c224e66f', '5f188bd659e7a640c224e66f', '[\"5f188bd6548aa774bd1a40d9\",\"5f188bf1e2a7894e7e4fba26\",\"5f188bd659e7a640c224e66f\"]', 104900.00, '5f28c1f9a67f44729064bc65', '5f28c3453278064238d9d767', '5f28c2b6397ee38a604aa381', '5f28c4b3245a285d0e2fd967', '5f16abb82444ee9518011d2a', '[]');
INSERT INTO `properties` VALUES ('5f188c425d6a7448fd3024fb', '807 15 kennedy ST', '807-15-kennedy-st', 2, 1, 840, 'Satwant Mavi', 'Huge price reduction by motivated vendor !Great Location very close to Manitoba Legislature Building.Easy to show at short notice.Offers presented as received.Gorgeous 2 BR condo in the heart of downtown opposite to Legislature Building ,very close to the Assinboinne River & Hudson May! Open concept kitchen with granite island! Contemporary bath fixtures! Laminate floors in the living dinning area ! The MB has large Double closet. 4 pc full bath .Huge balcony! In suite laundry! Fantastic underground parking.Upgrades:  Windows, Sliding doors & Air Intake have been updated in last few years.This concrete building has full time in house caretaker,Pet Friendly,  newly remodeled gym, newly remodeled \"owners lounge ,roof top patio! Pet friendly complex .Absolutely move in condition!Very close to shopping & Winnipeg Transit service. Net taxes=2224.27-700 (HOA)=1524.27', '202015628', '5f188c2c324bad7a565c1536', '5f188c2c324bad7a565c1536', '[\"5f188c2c324bad7a565c1536\",\"5f188c2c4f6db480d980c2b5\",\"5f188c2c6a728ad4380a7feb\",\"5f188c2c1a23ee719313e31c\",\"5f188c2cd83ae9476fada021\",\"5f188c2ca080e26c09cfff6a\",\"5f188c2c4db54cbd1284f68f\",\"5f188c2cba81f7ebbe854de0\",\"5f188c2ee0cebfb32fabc48a\",\"5f188c2ee3cc9f0e809b14d8\",\"5f188c2e404dff2330e32be5\",\"5f188c2e146e4bbd41feaff3\",\"5f188c2e7c822ab272d0975e\",\"5f188c2e548aa717421a412e\",\"5f188c2d26346c385bc8dd1f\",\"5f188c2d7c822a0e2fd0975d\",\"5f188c2dae98c17fbc82e993\",\"5f188c2db59b053fba93fd49\",\"5f188c2decd4e5fcc271572b\",\"5f188c2d1a23ee122b13e31d\",\"5f188c2d59e7a67dc524e726\",\"5f188c2c230a858df1e553c1\"]', 149900.00, '5f28c07ec1a3c94a6ab30453', '5f28c3f203d9202264238038', '5f28c2b6397ee38a604aa381', '5f28c4b3245a285d0e2fd967', '5f16abb82444ee9518011d2a', '[\"5f47cfe45a7d1a4ca09388ef\"]');
INSERT INTO `properties` VALUES ('5f188c8a833ccf47b1f1b77b', '1019 selkirk AVE', '1019-selkirk-ave', 6, 4, 2336, 'Satwant Mavi', 'Solid , straight & very well maintained duplex close to Mc Phillips  This property with many upgrades & separate utilities for both the units is a cash cow for investors. Or one can live in one & the other unit will pay all the mortgage.Great value and income potential. This Upgraded 2336 sq ft S/S Duplex with 6 BR & 4 Baths an amazing opportunity to own and rent or simply great investment. Close to Mc Phillips & all main amenities.. Each unit has 3 bedrooms, 4pc bath and 2 pc bath, and eat-in kitchen. Each unit has washer and dryer in the basement. Basement in each unit ready for development . Upgrades include windows 2016, High eff furnace 2017, electrical panel 2018, roof with fiber glass insulation 2019, Basement walls  Insulation 2019 & many more.Both 1019&1021 are rented at $ 1600 each. Tenants pay heat & hydro. Owner pays water which is approximately $ 150/month for each unit. Inclusions are: 2 fridges, 2 stoves, 2 washers,2 dryers, blinds & window coverings.c', '202011732', '5f188c77548aa739f31a421a', '5f188c77548aa739f31a421a', '[\"5f188c77548aa739f31a421a\",\"5f188c77a080e2f12ad0002c\",\"5f188c77a080e2777cd0002b\",\"5f188c776a728a0d240a8016\",\"5f188c77404dff76d3e32c74\",\"5f188c773cc8e7692a091305\",\"5f188c77e3cc9ffd8e9b158a\",\"5f188c7a4f6db4ba0780c3ef\",\"5f188c7aba81f716a6854e12\",\"5f188c7a8324102a4f868368\",\"5f188c7ab8853106611e608e\",\"5f188c7921ddd7b93aa5434e\",\"5f188c79b885315e1b1e608c\",\"5f188c78e0cebfb10aabc4bb\",\"5f188c7902bace0460d01405\",\"5f188c78404dff6d8ee32c75\",\"5f188c797c822a48a3d0977c\",\"5f188c78532fa97b2d190baa\",\"5f188c78c080bdf8e2956a6e\",\"5f188c7872b7f81b8b1ffedc\",\"5f188c77d16c6f2ae439c7f4\"]', 349900.00, '5f28c07ec1a3c94a6ab30453', '5f28c3ff245a28f7a42fd965', '5f28c2c0a98f21369d78de56', '5f28c4b3245a285d0e2fd967', '5f16abb82444ee9518011d2a', '[]');
INSERT INTO `properties` VALUES ('5f188ca92dc88a1c91e9ada2', '1037 Aberdeen AVE S', '1037-aberdeen-ave-s', 3, 2, 1292, 'Raj Sran', 'Investors and First time Home Buyers, Golden chance to own a duplex,none like this one in the area, Great Layout with ample room in kitchen-dinning area, wood floors and a main floor and  basement room with egress window, utility room for additional storage. Main floor with kitchen and dinning area 2 rooms with lots of natural light.  2 Rental incomes, $$$$$$$$$Main Unit Rented $1175 and Top Rented for $875.........$$$$$$. First time buyers live-in and earn rent as well. Beautifully maintained and all upgrades done, wood floors, newer paint, appliances, new HE Furnace and newer Central AC. Excellent tenants and separate Laundry for each unit. Cosy Backyard fully fenced is summer ready. 1 Detached garage and extra pad for additional car parking. Insurance Approx $1400, 2019 Utilities $2534, as per Seller Call now for viewing.', '202011958', '5f188c9b4a154b0d87fd3c8e', '5f188c9b4a154b0d87fd3c8e', '[\"5f188c9b4a154b0d87fd3c8e\",\"5f188c9b8d73e341b2a8d664\",\"5f188c9b3cc8e7a2bc091340\",\"5f188c9c4e56577d1c8927aa\",\"5f188c9c63186b3f0fbd3149\",\"5f188c9c4e5657748f8927a9\",\"5f188c9c72b7f8d0871fff18\",\"5f188c9b7189c90cb63fdf41\",\"5f188c9bb59b056aa293febe\",\"5f188c9bb8853188821e60a3\",\"5f188c9bac2666353149df16\",\"5f188c9b72b7f8da2c1fff17\",\"5f188c9becd4e5e9e9715849\",\"5f188c9be0cebf1dc4abc530\",\"5f188c9b4f6db436e480c44d\"]', 269500.00, '5f28c07ec1a3c94a6ab30453', '5f28c3ff245a28f7a42fd965', '5f28c2c0a98f21369d78de56', '5f28c4b3245a285d0e2fd967', '5f16abb82444ee9518011d2a', '[]');
INSERT INTO `properties` VALUES ('5f188ccdc981bc6bcf1daf4e', '1143 Henderson HWY', '1143-henderson-hwy', 0, 0, 0, 'Rick Gensiorek', 'IDEAL BUSINESS LOCATION!!  Large 2-story building ideally situated on a commercial strip alongside - and across from - other businesses, some of which are franchised.  Being a more notably sized building in that vicinity, it benefits from high business traffic and can offer strong business potential.   The property has ample parking out front as well as parking behind the building and along side residential street.  Building is situated across from another commercial strip which holds considerable scramble parking.   Both commercial strips are linked by a cross walk which accommodates pedestrian traffic amongst businesses on both sides of Henderson.   A high concentration of residential homes surrounds the subject property which also contributes to the high traffic flow on Henderson (ideal for a business). Bus stop exists near property, providing easy access for clientele without vehicles.   Current owners may be willing to lease for a term if that would accommodate start-up period for a new business.', '202015870', '5f188ccbaebb5956016612da', '5f188ccbaebb5956016612da', '[\"5f188ccbaebb5956016612da\"]', 1189000.00, '5f28c07ec1a3c94a6ab30453', '5f28c44bf4e9782db472febb', '5f28c306b7311748f18a763a', '5f28c4b3245a285d0e2fd967', '5f16abb82444ee9518011d2a', '[]');
INSERT INTO `properties` VALUES ('5f188ce6b83f3a11fbb43318', '1222 78 Quail Ridge RD', '1222-78-quail-ridge-rd', 1, 1, 670, 'Nayan Patel', 'Come check out this beautiful condo with 1 bed and 1 bath with an open concept living room/dining room with a large patio door giving you tons of natural sunlight and a gorgeous view of the courtyard on the second floor with a large balcony perfect for summer BBQ. West Country Village is a unique, affordable condo community that offers park-like treed green spaces, large, private deck/balcony areas, and a rec center with pool and tennis courts, pool table, party room, common room/lounge area with fireplace, library, meeting room, newly redone exercise room & sauna! Surrounded by parks in a quiet, peaceful neighborhood, shopping, public transportation and school. Showing times:Monday-Friday      Between 4:00p.m. - 7:00p.m.                      Saturday-Sunday  Between 12:00p.m. - 4:00p.m.', '202014208', '5f188cdac080bd9a70956b5b', '5f188cdac080bd9a70956b5b', '[\"5f188cdac080bd9a70956b5b\",\"5f188cdaecd4e5331271590a\",\"5f188cdab8853189751e60c5\",\"5f188cda7c822ae3aad09972\",\"5f188cda548aa71d621a45d3\",\"5f188cda26346c17cfc8de75\",\"5f188cda74fd2e692dc1b27e\",\"5f188cdcb59b05ca0893ffb0\",\"5f188cdb532fa98d1d190c1a\",\"5f188cdbc080bdd24a956b5d\",\"5f188cdba4d4f91cd1627607\",\"5f188cdb1a23ee09f113e4bc\",\"5f188cdbae98c12e0a82e9cc\",\"5f188cdb4a154bcc78fd3ca8\",\"5f188cdb3cc8e7154b09136c\",\"5f188cdbc080bdb1f0956b5c\",\"5f188cda4f6db4166580c46d\",\"5f188cda764be5992d772cd7\"]', 125900.00, '5f28c07ec1a3c94a6ab30453', '5f28c3f203d9202264238038', '5f28c2b6397ee38a604aa381', '5f28c4b3245a285d0e2fd967', '5f16abb82444ee9518011d2a', '[]');
INSERT INTO `properties` VALUES ('5f188e204f23ece845fecaa2', '2630 St Mary\'s RD', '2630-st-mary-s-rd', 3, 4, 2700, 'Wei Zhou (Nick) Chen', 'Open House: Aug 23, 2:00-4:00PM. A beautiful home with many unique features,  ornamental ironwork automatic gate and beautiful solid granite pillars you are given a hint of what lies beyond. A fully paved drive leads to the stately home. The Entrance foyer offers a granite clad spiral staircase, huge chandelier above and heated Italian ceramic floors. The entire home is done in heated ceramic.  The main level offers huge family areas, soaring ceilings, spacious kitchen with access to a massive deck and fenced yard, plus a full bath to finish the main level. There is a large master bedroom with a L shape walk in closet and a 5pc ensuite on the second floor, and two more good sized bedrooms and a full bath to finish the second level. The lower level has a second kitchen, a huge family room, utility room and cold room for storage. There are additional sheds, gardens, and all fenced for privacy. Newer shingles 2018, and newer hot water tank 2017. This home is just past perimeter highway.', '202015233', '5f188dfc47d383a2791782dd', '5f188dfc47d383a2791782dd', '[\"5f188dfc47d383a2791782dd\",\"5f188dfba4d4f911106279a2\",\"5f188dfb3cc8e76a2f09172e\",\"5f188dfb4e5657230f892b3d\",\"5f188dfb72b7f87968200182\",\"5f188dfbd16c6f7f5239cabc\",\"5f188dfb52f9e5015d61f7a0\",\"5f188dfbd368efabf7130426\",\"5f188dfbd16c6fe51739cab5\",\"5f188dfe230a85205fe55590\",\"5f188dfe59e7a63b3624ea0c\",\"5f188dfed16c6f82de39cabd\",\"5f188dfef31cf58e65cf9890\",\"5f188dfeeeaab49f1aa894c0\",\"5f188dfeae98c182c282ea4d\",\"5f188dfeae98c1676782ea4c\",\"5f188dfe21f9e625414a263d\",\"5f188dfd4db54cb29284f947\",\"5f188dfc230a853f28e5558c\",\"5f188dfcd368ef6f57130427\",\"5f188dfce2a78971014fc0b0\",\"5f188dfcb59b05e8b2940174\",\"5f188dfc4ed5e1806cc7fab2\",\"5f188dfcecd4e54b2d716010\",\"5f188dfc8d73e34629a8daba\"]', 699900.00, '5f28c07ec1a3c94a6ab30453', '5f28c36de051c60c8c863e93', '5f28c2f10943538634ee889e', '5f28c4b3245a285d0e2fd967', '5f16abb82444ee9518011d2a', '[\"5f47cff00ee6d941b4d483a1\",\"5f47cff00ee6d9c4d3d4839e\",\"5f47cff00ee6d97830d4839f\",\"5f47cff00ee6d970e8d483a0\",\"5f47cff00ee6d98870d483a4\",\"5f47cff00ee6d92b46d483a2\",\"5f47cff00ee6d9646fd483a3\",\"5f47cff00ee6d9b2a6d483a5\",\"5f47cff00ee6d94773d483a9\",\"5f47cff00ee6d9c94dd483a6\",\"5f47cff10ee6d994ffd483b0\",\"5f47cff00ee6d9e349d483a8\",\"5f47cff00ee6d96178d483a7\",\"5f47cff00ee6d958a4d483ab\",\"5f47cff00ee6d960a2d483aa\",\"5f47cff10ee6d919a4d483ac\",\"5f47cff10ee6d9fbb6d483af\",\"5f47cff10ee6d9298ed483ae\",\"5f47cff10ee6d91bc3d483ad\",\"5f47cff10ee6d99fb9d483b1\",\"5f47cff10ee6d94176d483b2\",\"5f47cff10ee6d91dead483ba\"]');
INSERT INTO `properties` VALUES ('5f188e7093eb436d0cadfd31', '33127 Martin-Jerome DR', '33127-martin-jerome-dr', 0, 0, 0, 'Michelle Hartin', 'Great opportunity to build your dream home here! Peaceful country living. Only a 25 minute commute to Winnipeg. This is a 1.20 acre property is ready for your final touches. Property has been partially landscaped with newer trees and is lined with mature trees on the east side of lot. Hydro, Gas & MTS with access to low pressure sewer system. Don t miss out on waking up each morning to an awe-inspiring sunrise! Call today for more details.', '202012000', '5f188e6cd368efe5ea130657', '5f188e6cd368efe5ea130657', '[\"5f188e6cd368efe5ea130657\",\"5f188e6ceec2a5a19af972be\",\"5f188e6b4ed5e13529c7fbbf\"]', 59900.00, '5f28c2048c65b512699aec56', '5f28c3453278064238d9d767', '5f28c2b6397ee38a604aa381', '5f28c4b3245a285d0e2fd967', '5f16abb82444ee9518011d2a', '[]');
INSERT INTO `properties` VALUES ('5f188eaa4c5c07af8d55c667', '47098 PR210 HWY', '47098-pr210-hwy', 2, 1, 1092, 'Michelle Hartin', 'Measurements are from plans. This well cared for 1092 sqft home was built in 2011 and offers 2 Bedrooms & 1 Bathroom.  As you walk in thru your front main entrance, you are welcomed by your spacious living room with wood burning stove featuring vaulted ceilings open to the kitchen and dining area. Walk out to your back covered deck and enjoy the peacefulness of your property. Yard is partially fenced and offering plenty of space for gardening and comes with a Storage Shed. This home is equipped with a Wood Stove, Electric Forced Air Furnace, HRV, 2000G Holding Tank and private well. Shingles were replaced in 2015. All utilities are easily accessible on the main floor in the laundry room. 2 acres on three titles, contact agent for more details.', '202010722', '5f188e9ce3cc9f0fc69b1879', '5f188e9ce3cc9f0fc69b1879', '[\"5f188e9ce3cc9f0fc69b1879\",\"5f188e9cf31cf58ccccf98e0\",\"5f188e9caebb59802b661905\",\"5f188e9c21ddd78461a54673\",\"5f188e9cb88531d88c1e62c0\",\"5f188e9ce3cc9f1d999b187a\",\"5f188e9c21ddd79d6ba54674\",\"5f188e9dc080bd0a39956f39\",\"5f188e9c84d87604d330c91b\",\"5f188e9cc080bd06ce956f37\",\"5f188e9c4a154b3b0efd42b2\",\"5f188e9cc080bd31e7956f38\",\"5f188e9ce2a789cfc14fc15e\",\"5f188e9c84d8767e8030c91a\",\"5f188e9c1a09395c9aad4c89\",\"5f188e9b1a0939b677ad4c88\",\"5f188e9be2a789be064fc14a\"]', 195900.00, '5f28c1e9790051b14226ca56', '5f28c3334e58bf6e4e9d43ba', '5f28c2b6397ee38a604aa381', '5f28c4b3245a285d0e2fd967', '5f16abb82444ee9518011d2a', '[]');
INSERT INTO `properties` VALUES ('5f188ebdf338883793944c33', 'St Denis Rd 41E RD', 'st-denis-rd-41e-rd', 0, 0, 0, 'Michelle Hartin', 'Back 40 Acres!!! Hunters paradise - look no further. This property is exactly what you have been waiting for! Large amount of deer, rabbits and wild turkeys. Very private setting surrounded by poplars, spruce, willow and oak trees. Contact Listing agent for more details.', '202010808', '5f188eb78d73e30765a8deae', '5f188eb78d73e30765a8deae', '[\"5f188eb78d73e30765a8deae\",\"5f188eb7a4d4f9a5e1627cd4\"]', 149900.00, '5f28c1d6ce2bd9f6c03a60d2', '5f28c3453278064238d9d767', '5f28c2b6397ee38a604aa381', '5f28c4b3245a285d0e2fd967', '5f16abb82444ee9518011d2a', '[]');
INSERT INTO `properties` VALUES ('5f1a2ffcab005a9c1551f3db', '22 Briarfield CRT', '22-briarfield-crt', 2, 1, 928, 'Russel Kehler', 'Welcome to 22 Briarfield Court, This NEW home will be under Construction soon. Pictures are of a Similar completed home.Award winning HERITAGE LANE BUILDERS 928 sq ft bi-level. This beautifully crafted home features a spacious open concept living, dining and a center kitchen with a good sized island in between. The flow of the floor plan is enhanced by the spacing of windows in both the front entrance and back of the house that maximizes the amount of sunlight throughout. The bedrooms are well sized. The front entryway is expansive and features a walk in closet. Amply sized single car garage. YOU CAN STILL CHOOSE THE EXTERIOR AND INTERIOR COLORS TO CUSTOMIZE THIS HOME JUST FOR YOU. 5 year National Home Warranty. Choose the best in value and price from this award winning builder.', '202013982', '5f1a2fd044901e7f16336a44', '5f1a2fd044901e7f16336a44', '[\"5f1a2fd044901e7f16336a44\",\"5f1a2fd864b34733a382b65c\",\"5f1a2fd8335f4aed01b8d9a1\",\"5f1a2fd86c10b85781ab747e\",\"5f1a2fd837e38d1dab4228e5\",\"5f1a2fd8336ef900600f00ac\",\"5f1a2fd7fff4c3437e861e94\",\"5f1a2fd7d7062712a4f3e077\",\"5f1a2fd76a3a7b30f570f3af\",\"5f1a2fd709cd3666d9104c5b\",\"5f1a2fd7b06874135d90dd17\",\"5f1a2fd7b47b36f298976133\",\"5f1a2fd7335f4ae3a9b8d9a0\",\"5f1a2fd7e780fa007295b425\",\"5f1a2fd70e03fe81df173608\"]', 284900.00, '5f28c1f9a67f44729064bc65', '5f28c33f21daad0b4e56a200', '5f28c2c0a98f21369d78de56', '5f28c4b3245a285d0e2fd967', '5f16abb82444ee9518011d2a', '[]');
INSERT INTO `properties` VALUES ('5f4773347c61795e5a3598b9', '4 PR210 HWY', '4-pr210-hwy', 0, 0, 0, 'Wesley Dowse', 'Offers as presented, Located just East of St.Adolphe Mb. on the PR210 a short commute to Winnipeg.  This lot #4 of this 4 lot subdivision.AMAZING PRICE & PERFECT LOCATION! Build your dream house and shop and have room to spare on this almost 3 acre lot! Raise yourfamily in a country surrounding within walking distance of the town of St. Adolphe! NO TIMELINES, NO DESIGN CONTROLS, Acreage property with NO gravel to travel!! Call now to secure this lot the subdivision is completed, Gas & Electrical at the road purchasers are responsible for connections. No town water & sewer connection purchaser will require septic tank, field and well for drinking water. Purchaser is responsible for flood proofing. Shared driveway approach with lot 3. Call now these lots are priced to sell!', '202021581', '5f47878cb54b077ba0634a77', '5f47878cb54b077ba0634a77', '[\"5f47878cb54b077ba0634a77\",\"5f47878cb54b07dfe6634a7a\",\"5f47878cb54b074b72634a78\"]', 99900.00, '5f28c21ce10a062276e737c8', '5f28c3453278064238d9d767', '5f28c2b6397ee38a604aa381', '5f28c4b3245a285d0e2fd967', '5f16abb82444ee9518011d2a', '[]');
INSERT INTO `properties` VALUES ('5f477336c87b2eeca9af91d3', '3 Poplar PT', '3-poplar-pt', 3, 4, 1520, 'Brian Wolfe', 'Showings Start Friday Aug. 21, 4pm. Offers to purchase reviewed Sunday Aug. 30, 6 pm. Open house  Friday Aug. 21, 6-8pm, Saturday Aug 22, 2:30-4:30 pm, Sunday Aug 23, 2:30-4:30 pm. & Saturday Aug 29 2:30-4:30 pm.  A rare find in the heart of Bridgewater Forest. This beautiful 1520 square foot 2 storey has been extremely well maintained. The main floor features a lovely kitchen with a lge center island, natural stone backsplash & an office area.The adjacent Living Room features a stone facing gas FP. Also on the main floor is a lge Dining Room for dinners with family & friends & a 2 piece powder room.The upper level boasts the Master bedroom with a 4 piece en suite & lge WICC. Also on the upper level are 2 large bedrooms & 4 piece bathroom. The Rec Room is finished with a classic feature wall, lge bright windows, a wet bar, a 4 piece bathroom & den. At the rear of the house is a 3 season fully screened  sunroom with an attached deck leading to a landscaped yard. Piled foundation. All measures +/- jogs', '202021026', '5f47878f7c9f6d601b35cb95', '5f47878f7c9f6d601b35cb95', '[\"5f47878f7c9f6d601b35cb95\",\"5f47878f7c9f6d811635cb9b\",\"5f47878f7c9f6d2b8435cb9a\",\"5f47878f7c9f6dc33035cb96\",\"5f47878f7c9f6db2d235cb99\",\"5f47878f7c9f6d342235cb9d\",\"5f47878f7c9f6d11e635cb9f\",\"5f47878f7c9f6d173135cb97\",\"5f47878f7c9f6d8f0635cb9e\",\"5f47878f7c9f6d5d5935cb98\",\"5f47878f7c9f6d517e35cbaa\",\"5f47878f7c9f6d273135cb9c\",\"5f47878f7c9f6d27a535cba0\",\"5f47878f7c9f6d2f5735cba2\",\"5f47878f7c9f6d2e3d35cba3\",\"5f47878f7c9f6d581535cba4\",\"5f47878f7c9f6d67ac35cba9\",\"5f47878f7c9f6dccc335cba1\",\"5f47878f7c9f6d97ef35cba5\",\"5f47878f7c9f6da2d035cba7\",\"5f47878f7c9f6deaf235cbb2\",\"5f47878f7c9f6df4e835cba8\",\"5f47878f7c9f6d82bf35cba6\",\"5f47878f7c9f6dd44835cbb3\",\"5f47878f7c9f6d067435cbb1\"]', 474900.00, '5f28c07ec1a3c94a6ab30453', '5f28c36de051c60c8c863e93', '5f28c2e0024da61ac66ebcb6', '5f28c4b3245a285d0e2fd967', '5f16abb82444ee9518011d2a', '[\"5f47d001a88fb8bc187658dc\",\"5f47d001a88fb811007658dd\",\"5f47d001a88fb840b47658df\",\"5f47d001a88fb8194e7658e0\",\"5f47d001a88fb82b887658de\"]');
INSERT INTO `properties` VALUES ('5f477338c87b2e65e8af91d4', '330 RIVER RD', '330-river-rd', 4, 3, 2174, 'Russel Kehler', 'Welcome to 330 River rd South in Rosenort MB!! This lovely 4 bedroom home home on 1.6 Acres is sure to check the boxes on your Home buying Checklist. As you enter this lovely home you are greeted with a large entry way which leads to the DEN which has a WOOD burning fireplace, such a great space to cozy up and read a book by the Fire. The large Living room opens to the Kitchen and Dining room and is a great space to entertain or Host family dinners. Off of the dining room is a large deck. The kitchen is completed with beautiful cabinets and Gas Range. The main floor is completed with the Master Bedroom and Ensuite. As you make your way up the stairs you get another 3 bedrooms and Office along with a full bath. In the backyard of this gorgeous property is a large garden and an awesome 2 storey playhouse complete with Power. You do not want to miss this opportunity. call today to book your private showing.', '202019132', '5f47879270e3999c16ca83a3', '5f47879270e399e987ca83a4', '[\"5f47879270e3999c16ca83a3\",\"5f47879270e3997688ca83a5\",\"5f47879270e399f83eca83be\",\"5f47879270e3993926ca83c3\",\"5f47879270e39941faca83c4\",\"5f47879270e3996971ca83ba\",\"5f47879270e3999499ca83bd\",\"5f47879270e399d189ca83c2\",\"5f47879270e39964dfca83bc\",\"5f47879270e3995238ca83bb\",\"5f47879270e399d261ca83b9\",\"5f47879270e39963edca83c0\",\"5f47879370e399982dca83cf\",\"5f47879270e399592fca83c5\",\"5f47879270e39933aeca83c1\",\"5f47879270e3990d7dca83c6\",\"5f47879270e399bccdca83bf\",\"5f47879370e399ec93ca83ca\",\"5f47879370e3991d63ca83cc\",\"5f47879370e399ffadca83c9\",\"5f47879270e39918f5ca83c7\",\"5f47879370e399ea5fca83cb\",\"5f47879370e39952e1ca83cd\",\"5f47879370e3990501ca83ce\",\"5f47879370e399535fca83c8\"]', 394900.00, '5f28c21190ccd23a06237b24', '5f28c36de051c60c8c863e93', '5f28c2d520520b83b7b32f23', '5f28c4b3245a285d0e2fd967', '5f16abb82444ee9518011d2a', '[\"5f47d004876a254e5d904dcb\",\"5f47d004876a2578a1904dc7\",\"5f47d004876a25866e904dc8\",\"5f47d004876a25121f904dc9\",\"5f47d004876a25a8df904dca\",\"5f47d004876a2551e1904dce\",\"5f47d004876a255fdc904dcf\",\"5f47d004876a257cd2904dcd\",\"5f47d004876a258766904dd3\",\"5f47d004876a255cf7904dd2\",\"5f47d004876a251529904dcc\",\"5f47d004876a253ea3904dd1\",\"5f47d004876a25a374904dd0\"]');
INSERT INTO `properties` VALUES ('5f47733b6583c91613964e97', '1029 Kilkenny DR', '1029-kilkenny-dr', 5, 3, 1634, 'Satwant Mavi', 'Showings 4 pm -8.30 pm  only. Seller is related to the listing Agent. 1634 sqft Beautiful  bunglow with huge lot attached double garage is situated  on prestigious  Kilkenny Dr. Very Close to U of M , Schools, Victoria Hospital , Margarate Pool & Sobeys. As you step into this delightful home you will feel the warm & welcoming & very appealing ambiance.The family room with doors to deck & yard. The family room is open plan with the kitchen & it has a cozy gas fireplace. . The  kitchen is gorgeous with granite counter tops & new cabinets (2016) & Floor Tiles (2016) . There are 3 lovely bedrooms on the main floor & 2 in the basement with Egress windows (2016) and  M F laundry. The rec room with huge wet bar  is ideal for entertaining. Double Attached Garage. Near Kings Park park. Upgrades Include Laminate floors, Newer kitchen,   Shingles May 17. New laminate in the Liv/Din Aug 2020.Never ever water in basement .  Presently rented at $2000 plus all utilities.', '202017611', '5f4787956720f726e3e016f6', '5f4787956720f77ee2e016f5', '[\"5f4787956720f75b30e016f4\",\"5f4787956720f7346fe016fa\",\"5f4787956720f752dee016fb\",\"5f4787956720f75a6de016f7\",\"5f4787956720f70200e016f9\",\"5f4787956720f7c533e016f8\",\"5f4787956720f743bde016fc\",\"5f4787956720f765f8e01704\",\"5f4787956720f7da18e016ff\",\"5f4787956720f7921ee01700\",\"5f4787956720f757cce016fd\",\"5f4787956720f7f3a0e016fe\",\"5f4787956720f7dd4de01706\",\"5f4787956720f74c62e01701\",\"5f4787956720f702b8e01702\",\"5f4787956720f7fab6e01703\",\"5f4787956720f7512de01705\",\"5f4787966720f724f1e01709\",\"5f4787956720f7c3b9e01708\",\"5f4787956720f7eac1e01707\"]', 425000.00, '5f28c07ec1a3c94a6ab30453', '5f28c3334e58bf6e4e9d43ba', '5f28c2d520520b83b7b32f23', '5f28c4b3245a285d0e2fd967', '5f16abb82444ee9518011d2a', '[]');
INSERT INTO `properties` VALUES ('5f47733d3d754e0873462877', '40 weatherstone PL', '40-weatherstone-pl', 3, 1, 1180, 'Satwant Mavi', '.', '202018425', '5f47879803967aec609c400f', '5f47879803967ad1e39c400d', '[\"5f47879803967a2c2e9c400e\",\"5f47879803967a411c9c4010\",\"5f47879803967a7de29c4015\",\"5f47879803967a66009c4012\",\"5f47879803967a5f479c4011\",\"5f47879803967a1d0a9c4013\",\"5f47879803967a14649c4016\",\"5f47879803967aaebc9c4014\",\"5f47879803967a60029c4017\",\"5f47879903967a7c219c401d\",\"5f47879803967a2fc19c4019\",\"5f47879803967a5a0b9c4018\",\"5f47879903967a6ece9c401b\",\"5f47879903967af8259c401e\",\"5f47879903967ad3999c402c\",\"5f47879803967a5b9c9c401a\",\"5f47879903967ad8499c401f\",\"5f47879903967a63cb9c4020\",\"5f47879903967a6efd9c401c\",\"5f47879903967a676e9c402b\",\"5f47879903967a56009c402a\"]', 249000.00, '5f28c07ec1a3c94a6ab30453', '5f28c36de051c60c8c863e93', '5f28c2b6397ee38a604aa381', '5f28c4b3245a285d0e2fd967', '5f16abb82444ee9518011d2a', '[]');
INSERT INTO `properties` VALUES ('5f477341fbd30c9e6ef8da77', '25 FOXDALE WAY', '25-foxdale-way', 3, 2, 1379, 'Wesley Dowse', 'Pictures of a similar build. Call now & let us customize this build for you! This beautiful to be built home is located in Niverville\'s 5th Avenue Estates a short 17min commute to Winnipeg. Upon completion this home will have an attractive combination of Stone, Stucco & Hardie Board elements. Enter the home into a spacious foyer perfect for inviting guests.  The Main floor features a contemporary open concept floor plan outfitted w/ huge windows, 9\' ceiling height w/ 10\' in trayed section giving the home a spacious open feel. The living room is finished w/ gorgeous feature wall w/ electric fireplace & storage area. The kitchen is elegantly designed w/ huge island w/ quartz counters & ample storage space opening into dining area w/ garden door opening onto your future back deck. The main floor includes 3 generous sized bedrooms & 2 full baths. The spacious master bedroom features a huge walk-in closet & 4pc. ensuite. This home is equipped piled foundation w/ ICF basement, Gas Furnace, A/C, 5yr. warranty.', '202021573', '5f47879b059ef3562c1cbd1f', '5f47879b059ef313661cbd20', '[\"5f47879b059ef3751c1cbd1e\",\"5f47879b059ef3e6ab1cbd14\",\"5f47879b059ef33aff1cbd21\",\"5f47879b059ef355f11cbd15\",\"5f47879b059ef3e3601cbd16\",\"5f47879c059ef36f701cbd23\",\"5f47879b059ef328121cbd17\",\"5f47879b059ef36d7f1cbd22\",\"5f47879c059ef3736f1cbd26\",\"5f47879c059ef316e81cbd2a\",\"5f47879c059ef3121b1cbd28\",\"5f47879c059ef303eb1cbd25\",\"5f47879c059ef3e7ee1cbd27\",\"5f47879c059ef356581cbd29\",\"5f47879c059ef308e21cbd24\"]', 399900.00, '5f28c1f9a67f44729064bc65', '5f28c33f21daad0b4e56a200', '5f28c2d520520b83b7b32f23', '5f28c4b3245a285d0e2fd967', '5f16abb82444ee9518011d2a', '[]');
INSERT INTO `properties` VALUES ('5f477345818f5b0106a0c7dc', '45 Aberdeen DR', '45-aberdeen-dr', 2, 2, 1364, 'Wesley Dowse', 'OTP as presented. Currently under construction by the award winning Heritage LaneBuilders. This home is located in Niverville\'s Highlands Golf Course community w/ stunning views backing onto the pond.  Call now as you have a limited opportunity to select interior & exterior finishes. This Floor planis well designed for those who are downsizing or the professional couple. Features include a generous sizedfoyer as you enter the home which opens into a spacious open concept living space w/ kitchen opening intodining & living room. The kitchen will include a huge island, quartz counter tops & tile backsplash w/ undercabinet lighting. The garden door off of the living room will open onto the future back deck. The homecontains 2 spacious bedrooms & 2 full baths on the main. The Master includes an elegantly designed 3pcensuite that opens into a large walk-in closet w/ a pocket door opening into the main floor laundry. Homeincludes a dbl attached garage, ICF foundation, 5yr. Warranty & more!', '202019267', '5f47879e7c9f6df77835cfa5', '5f47879e7c9f6d83d735cfa4', '[\"5f47879e7c9f6dca1435cfa3\",\"5f47879e7c9f6dea7a35cfa6\"]', 384900.00, '5f28c1f9a67f44729064bc65', '5f28c3334e58bf6e4e9d43ba', '5f28c2d520520b83b7b32f23', '5f28c4b3245a285d0e2fd967', '5f16abb82444ee9518011d2a', '[]');
INSERT INTO `properties` VALUES ('5f4773497404e22cf1fa2d01', '187 Isabel ST', '187-isabel-st', 0, 0, 0, 'Satwant Mavi', 'Easy to show at short notice . Vendor is motivated. Moving out of province.Ecxellent opportunity!. Long time well established laundromat in 1400 sqftL in Rebuilt building.,having  23 Energy Eff Double  Load New Washers. 100 LB- 1 New Washer, 50 LB- 1 New Giant C2 Size Washers. 1000 LB U/D Dryers, BI DRY -5, REG-6, ALL MAYTAG. BRAND New Scale Wheel Baskets-6. Low Lease, Lots of Parking spaces. It includes Goodwill,,l,IMPROVEeasehold Improvements,, Sign & Name.', '202014063', '5f4787a13b12fc6a8a5b2698', '5f4787a13b12fcaade5b2696', '[\"5f4787a13b12fc103c5b2697\",\"5f4787a13b12fc60255b26a0\",\"5f4787a13b12fc5a825b2694\",\"5f4787a13b12fc1fcd5b269d\",\"5f4787a13b12fc320e5b2693\",\"5f4787a13b12fc01e85b269e\",\"5f4787a13b12fcdfb95b2695\",\"5f4787a13b12fc3bc65b269a\",\"5f4787a13b12fc206e5b269f\",\"5f4787a13b12fcf3495b269c\",\"5f4787a13b12fc1fdf5b26a1\",\"5f4787a13b12fc5a6e5b2690\",\"5f4787a13b12fcc4105b2699\",\"5f4787a13b12fc61d05b26a4\",\"5f4787a13b12fc4c0f5b26a3\",\"5f4787a13b12fc3a545b2691\",\"5f4787a13b12fc4ccc5b269b\",\"5f4787a13b12fc8c835b2692\",\"5f4787a13b12fcd6d95b26a2\"]', 149900.00, '5f28c07ec1a3c94a6ab30453', '5f28c421fef94bf75c1a6b92', '5f28c2b6397ee38a604aa381', '5f28c4b3245a285d0e2fd967', '5f16abb82444ee9518011d2a', '[]');
INSERT INTO `properties` VALUES ('5f47734e03a011a41e2dced1', '109 1133 Portage AVE', '109-1133-portage-ave', 2, 1, 786, 'Tony Martone', 'Welcome to The Icon on Portage! Join the transformation of a historic West End location complemented by exceptional quality and luxury finishes providing residents with outstanding value. This brand new condo development is located at the corner of Portage Avenue and Minto Street situated on the edge of Wolseley, in close proximity to West Broadway and minutes from downtown and Polo Park. This 786 square foot suite has two bedroom and one full bathroom. An open concept layout with 9 foot ceilings and large windows making for a bright and airy design. You will find modern luxury touches throughout including stainless steel kitchen appliances, beautiful quartz countertops and soft close cabinetry. Other features include in suite laundry hook-up, storage. Accessible units as well. READY FOR IMMEDIATE POSSESSION! Don t miss your chance to own one of the only newly built condos in the area!', '202021422', '5f4787a470e39917efca8d8b', '5f4787a470e3991611ca8d8d', '[\"5f4787a470e399287fca8d8c\",\"5f4787a470e3999cb3ca8d90\",\"5f4787a470e3998195ca8d8f\",\"5f4787a470e3998508ca8d8e\",\"5f4787a470e3994887ca8d92\",\"5f4787a470e3991d6bca8d91\",\"5f4787a470e39921d3ca8d95\",\"5f4787a470e399d2a9ca8d93\",\"5f4787a470e39916cbca8d94\",\"5f4787a470e39984f2ca8d99\",\"5f4787a470e399a5baca8d97\",\"5f4787a470e3992e04ca8d96\",\"5f4787a470e399f0d0ca8d98\"]', 239900.00, '5f28c07ec1a3c94a6ab30453', '5f28c3f203d9202264238038', '5f28c2b6397ee38a604aa381', '5f28c4b3245a285d0e2fd967', '5f16abb82444ee9518011d2a', '[]');
INSERT INTO `properties` VALUES ('5f477351e8978ef540b3a2d5', '232 230 Fairhaven RD', '232-230-fairhaven-rd', 2, 1, 904, 'Satwant Mavi', 'Conditionadlly sold. Open house cancelleFantastic 2 bed condo in Linden Woods offers a perfect blend of affordable luxury & practical comfort. This 2nd floor bright east facing unit offers maple kitchen with granite breakfast bar. Kitchen open to dining room and living room. Living room has garden door to east facing balcony. Large master bedroom with walk-in closet and private access to main four piece bath. Insuite laundry and storage & one assigned parking.Condo fee includes heat, hydro, water and access to recreation faculties-common room, gym, outdoor pool, comfy lounge. Very  convenient location close to all amenities schools,shopping & services. Minutes away from Walmart, Costco, Ikea, new outlets.10 minutes drive to U of M.Tenant pays $1430 per month.', '202017618', '5f4787a726bda5f6252ed875', '5f4787a726bda5f6252ed875', '[\"5f4787a726bda5f6252ed875\",\"5f4787a726bda5381d2ed87f\",\"5f4787a726bda5b8e22ed876\",\"5f4787a726bda5bd0d2ed877\",\"5f4787a726bda51cb12ed880\",\"5f4787a726bda56e0e2ed881\",\"5f4787a726bda514b82ed882\",\"5f4787a726bda537f12ed884\",\"5f4787a726bda57d242ed883\",\"5f4787a726bda50ce92ed887\",\"5f4787a726bda5a2222ed885\",\"5f4787a726bda5f53f2ed886\"]', 236000.00, '5f28c07ec1a3c94a6ab30453', '5f28c3f203d9202264238038', '5f28c2b6397ee38a604aa381', '5f28c4b3245a285d0e2fd967', '5f16abb82444ee9518011d2a', '[]');
INSERT INTO `properties` VALUES ('5f477354ecfbd4d545f862da', '585 Sabourin ST', '585-sabourin-st', 4, 2, 1499, 'Michelle Hartin', 'Measurements are +/- jogs. Welcome home to this well-maintained Character home offering tons of charm and is perfectly located near numerous amenities. This Country style home is 1499 sqft, 4 bedrooms, 2 Bathrooms with Double Detached Insulated Garage (24x26). Sit and relax in your cozy veranda wrapping around two sides of the home or enjoy the large deck located off the back. This property provides you with a large yard, flower beds and gardens. Main floor Master Bedroom and Laundry. Numerous upgrades over the years. Garage shingles were replaced in 2018 & the interior painted this summer. High Efficient Furnace and upgraded insulation in 2015. Some flooring in 2018. This home is sure to impress. Book your showing today!', '202021025', '5f4787aa062eee1445badb61', '5f4787aa062eee1829badb60', '[\"5f4787aa062eee6cf6badb5f\",\"5f4787aa062eee34e8badb62\",\"5f4787aa062eee1489badb5c\",\"5f4787aa062eee719abadb63\",\"5f4787aa062eee5a65badb64\",\"5f4787aa062eee695bbadb5d\",\"5f4787aa062eee7808badb5e\",\"5f4787ab062eeea6cfbadb8f\",\"5f4787aa062eee776ebadb65\",\"5f4787ab062eee30d2badb90\",\"5f4787ab062eee6049badb96\",\"5f4787ab062eeec7a4badb91\",\"5f4787ab062eee9c75badb93\",\"5f4787ab062eee2eabbadb94\",\"5f4787ab062eee7803badb95\",\"5f4787ab062eeeb2d4badb97\",\"5f4787ab062eee4891badb92\",\"5f4787ab062eeed276badbaf\",\"5f4787ab062eee30cebadbab\",\"5f4787ab062eee1af7badbac\",\"5f4787ab062eee860bbadbb0\",\"5f4787ab062eee2653badbae\",\"5f4787ab062eeef20abadbad\",\"5f4787ab062eeeaa9bbadbbc\",\"5f4787ab062eee5f98badbb1\"]', 217000.00, '5f28c22ca67f447ee364bc66', '5f28c368fc8d4a11b39c677f', '5f28c2b6397ee38a604aa381', '5f28c4b3245a285d0e2fd967', '5f16abb82444ee9518011d2a', '[\"5f47d018301e2b800cabfc80\",\"5f47d017301e2b6785abfc7e\",\"5f47d017301e2b2025abfc7d\",\"5f47d018301e2b1d1babfc7f\",\"5f47d018301e2b02c7abfc82\",\"5f47d018301e2b11d7abfc81\"]');
INSERT INTO `properties` VALUES ('5f477356906d9ee54c9003f4', '3 Briarfield CRT', '3-briarfield-crt', 2, 1, 896, 'Russel Kehler', 'Welcome Home to this brand new 896 sq ft Bi-Level home located in Niverville. This one is perfect for the first time home Buyer or for those looking to Down Size. Built by Heritage Lane Builders. As you Enter the home you\'re greeted with the large front foyer. Up the stairs you enter the living room which has a large window for natural light to pour in. Head on into the back of the home to the kitchen and dining room. This stunning new home features Two bedrooms and a main floor bathroom. This is a home you don\'t want to miss out on. Call me today to book your private showing! Builder Incentive of $5000 can be used for Appliances or a deck, its your choice for the next Month', '202021604', '5f4787ae00a3bcad6278d1d6', '5f4787ae00a3bcad6278d1d6', '[\"5f4787ae00a3bc93c878d1d7\",\"5f4787ae00a3bc5acf78d1d8\",\"5f4787ae00a3bc303478d1ea\",\"5f4787ae00a3bcbcfb78d1ec\",\"5f4787ae00a3bc212078d1eb\",\"5f4787ae00a3bc5f7378d212\",\"5f4787ae00a3bca33b78d211\",\"5f4787ae00a3bc160578d213\",\"5f4787ae00a3bc732778d214\",\"5f4787ae00a3bc5d6878d215\",\"5f4787ae00a3bc6d6378d216\",\"5f4787ae00a3bc82e078d217\",\"5f4787af00a3bc82dc78d221\",\"5f4787af00a3bc684478d222\",\"5f4787af00a3bc4ceb78d223\",\"5f4787af00a3bc546478d224\"]', 279900.00, '5f28c1f9a67f44729064bc65', '5f28c33f21daad0b4e56a200', '5f28c2c0a98f21369d78de56', '5f28c4b3245a285d0e2fd967', '5f16abb82444ee9518011d2a', '[]');
INSERT INTO `properties` VALUES ('5f477359818f5b0b76a0c7dd', '35 Nashua RD', '35-nashua-rd', 0, 0, 0, 'Michelle Hartin', 'RIVER PROPERTY UP FOR GRABS! 0.76 of an acre, 90ft x 400ft. Great Opportunity to Build your dream home or use as a seasonal. 200amp service with 30amp electrical hookup with gravel parking pads. Friendly community located only 10 mins south of St Malo. Property has tons of potential awaiting your final touches. Book your showing today.', '202018674', '5f4787b203967a507b9c4ab8', '5f4787b203967a16a99c4ab7', '[\"5f4787b203967ac7b59c4ab9\",\"5f4787b203967a51c09c4acb\",\"5f4787b203967af1249c4ab6\",\"5f4787b303967a22179c4aed\",\"5f4787b203967ad00a9c4ac2\",\"5f4787b303967a27509c4acf\",\"5f4787b303967a531e9c4ae3\",\"5f4787b303967aef0b9c4aef\",\"5f4787b303967a34139c4aee\",\"5f4787b303967a31369c4af0\",\"5f4787b303967abb369c4ae2\",\"5f4787b303967a3d099c4ae4\"]', 59900.00, '5f28c2261db8386bb625675c', '5f28c3453278064238d9d767', '5f28c2b6397ee38a604aa381', '5f28c4b3245a285d0e2fd967', '5f16abb82444ee9518011d2a', '[]');
INSERT INTO `properties` VALUES ('5f47735ce112ae4c4daf57be', '34 Aberdeen DR', '34-aberdeen-dr', 3, 2, 1251, 'Clarence Braun', 'New Home to be built.  Welcome to this open concept 1252 sq ft bi level built by award winning Heritage Lane Builders.  This home features a large entry leading up to your spacious kitchen, dining and living area.  The upstairs features 3 bedrooms including a large master bedroom with a walk in closet and an ensuite bath.  This home also has a walk out basement.  You can still choose the exterior and interior finishes to customize this home just for you.  5 Year National Home Warranty included.', '202017846', '5f4787b63e3e22b2fb1bde4b', '5f4787b63e3e22d5671bde4c', '[\"5f4787b63e3e22a8dd1bde4a\",\"5f4787b63e3e22b2041bde4e\",\"5f4787b63e3e2203321bde4d\"]', 384900.00, '5f28c1f9a67f44729064bc65', '5f28c33f21daad0b4e56a200', '5f28c2d520520b83b7b32f23', '5f28c4b3245a285d0e2fd967', '5f16abb82444ee9518011d2a', '[]');
INSERT INTO `properties` VALUES ('5f477360e0604ee36bd963df', '16 120 Scotswood DR', '16-120-scotswood-dr', 1, 1, 728, 'Tabitha Baete', 'OPEN HOUSE SUN AUG 16th 1-3PM. Welcome to this gorgeous condo in desirable Charleswood! Located in a garden-like setting with mature trees & carefully maintained grounds & close community feel, this home is like a personal oasis. Offering a spacious open concept dining & living room w/ renovated modern kitchen that includes beautiful cabinetry with soft close drawers and doors, matching Whirlpool Stainless Steel appliances, garburator & luxurious granite counter-tops w/ under-mounted dbl sinks. Lrg master bedroom has wall to wall closet with closet organizers & ceiling fan. Newer windows, upgraded AC, door and Weiser locks. This unit has so many upgrades from light fixtures to high-end laminate flooring, tile in the kitchen & bathroom, Moen dbl shower head in the bath, massive deck with upgraded surface overlooking the pool, & closing gate to protect your pets. Parking stall as well as private, locking storage area.  Easy access to bus & all services. Couch, loveseat and storage ottoman included.', '202018856', '5f4787b83b12fc36155b3297', '5f4787b83b12fc34475b3295', '[\"5f4787b83b12fc7d705b3296\",\"5f4787b93b12fc63c45b32a4\",\"5f4787b83b12fcb1cd5b32a0\",\"5f4787b83b12fcc0805b32a1\",\"5f4787b93b12fce7145b32a2\",\"5f4787b93b12fcb3265b32a3\",\"5f4787b93b12fc2cc95b32a5\",\"5f4787b93b12fc925a5b32a6\",\"5f4787b93b12fc0c865b32a8\",\"5f4787b93b12fcaf295b32a7\",\"5f4787b93b12fcb0f75b32d4\",\"5f4787b93b12fc7c905b32a9\",\"5f4787b93b12fc855a5b32aa\",\"5f4787b93b12fc1d4d5b32ac\",\"5f4787b93b12fc24485b32ab\",\"5f4787b93b12fc214f5b32d6\",\"5f4787b93b12fc32cb5b32d2\",\"5f4787b93b12fcb52b5b32d3\",\"5f4787b93b12fcbd975b32d7\",\"5f4787b93b12fc26c05b32d5\",\"5f4787b93b12fc238b5b32db\",\"5f4787b93b12fcd57e5b32d9\",\"5f4787b93b12fc13b65b32da\",\"5f4787b93b12fc267d5b32d8\"]', 159900.00, '5f28c07ec1a3c94a6ab30453', '5f28c3f203d9202264238038', '5f28c2b6397ee38a604aa381', '5f28c4b3245a285d0e2fd967', '5f16abb82444ee9518011d2a', '[]');
INSERT INTO `properties` VALUES ('5f477363e24b3fbf27d577bb', '23 Aberdeen DR', '23-aberdeen-dr', 3, 3, 1474, 'Wesley Dowse', 'Offers as presented. UNDER CONSTRUCTION, PICTURES OF SIMILAR BUILD, Purchaser can select finishings for a limited time. This intelligently designed two-story home enjoys a stunning view of the pond in Niverville with NO IMMEDIATE BACKYARD NEIGHBOURS! The exterior will be a combination of Stucco & Hardie Board siding providing an attractive, maintenance free curb appeal. The main floor is well appointed for people who enjoy entertaining, features an open concept floor plan w/ kitchen opening into dining & living rooms, includes a 2pc. powder room & features 9\' ceiling height & large windows overlooking the pond. The kitchen is equipped with timeless white cabinets & a large island w/ seating area. The 2nd floor features 3 generous bedrooms, the Master features a 4pc. ensuite & large WIC. Also includes additional 4pc. Bath & laundry. Other features include: ICF foundation walls & concrete piles, central A/C, HRV, Sump Pump, 5yr. Warranty, Net GST & More! HURRY NOW!', '202018941', '5f4787bc3e3e22985d1bdffa', '5f4787bc3e3e223b751bdff9', '[\"5f4787bc3e3e223b751bdff9\",\"5f4787bc3e3e2271731bdffb\",\"5f4787bc3e3e228af41bdfff\",\"5f4787bc3e3e2218ba1bdffc\",\"5f4787bc3e3e2258db1bdffd\",\"5f4787bc3e3e224e1c1be003\",\"5f4787bc3e3e22a4b61be001\",\"5f4787bc3e3e225e6f1bdffe\",\"5f4787bc3e3e2211781be000\",\"5f4787bc3e3e227cf21be002\",\"5f4787bc3e3e223ea61be006\",\"5f4787bc3e3e2260eb1be004\",\"5f4787bc3e3e22a6231be005\",\"5f4787bc3e3e226d981be008\",\"5f4787bc3e3e22d4f21be007\",\"5f4787bc3e3e229a851be009\",\"5f4787bc3e3e229c591be00c\",\"5f4787bc3e3e2235451be00b\",\"5f4787bc3e3e22de801be00a\",\"5f4787bc3e3e2285ae1be011\",\"5f4787bc3e3e224af61be00d\",\"5f4787bc3e3e2241aa1be00e\",\"5f4787bc3e3e2262651be00f\",\"5f4787bc3e3e220bb11be010\",\"5f4787bc3e3e22b9101be012\"]', 369900.00, '5f28c1f9a67f44729064bc65', '5f28c36de051c60c8c863e93', '5f28c2d520520b83b7b32f23', '5f28c4b3245a285d0e2fd967', '5f16abb82444ee9518011d2a', '[\"5f47d02434e75ebb07ce8924\",\"5f47d02434e75e7ad8ce8926\",\"5f47d02434e75e2e37ce8925\"]');
INSERT INTO `properties` VALUES ('5f47736540bfe0ec5b73e730', '3 40 Drovers', '3-40-drovers', 0, 0, 0, 'Russel Kehler', 'Located in NIVERVILLE the fastest growing urban community in Manitoba. This is one of the last available spaces in a facility that when completed will feature 30,000 sq ft of new retail space. We have need of new retail offerings in this growing community. With a population near 6000 people, this 990 sq ft space could be the ideal place for your retail business. Located alongside a brand new Anytime Fitness, within a 30 second walk of Diary Queen, The Dollar Store, Tim Horton and Shell this new retail area is generating great traffic. Fronting this space is the Main Street as well as Provincial Highway 311. On the back side is a higher density residential subdivision with Old Drovers Golf Course in behind as well. Building features forced air rooftop units. Lease is triple net and the estimated CAM is $6.00', '202011501', '5f4787c0059ef32d311cda8e', '5f4787c0059ef303351cda91', '[\"5f4787c0059ef381f31cda8f\",\"5f4787c0059ef398a31cda90\",\"5f4787c0059ef34e121cda92\"]', 0.00, '5f28c1f9a67f44729064bc65', '5f28c44bf4e9782db472febb', '5f28c2b6397ee38a604aa381', '5f28c4b3245a285d0e2fd967', '5f16abb82444ee9518011d2a', '[]');
INSERT INTO `properties` VALUES ('5f477368e24b3f7430d577bc', '2 PR210 RD', '2-pr210-rd', 3, 2, 1614, 'Wesley Dowse', 'OTP as presented. This spacious country bungalow build is located on a gorgeous 2 acre lot 15mins. South of Wpg. Purchaser can customize this home for a limited time, tons of options available! This custom home can be built & purchased w/ a standard mortgage, completion 5 months from start date, call for details. Upon approach the maint. free exterior will be an attractive combination of stone, acrylic stucco w/ KWP accents, featuring a huge 36\'X24\' triple car garage for all your toys. The spacious interior at 1600+sf. features an open concept floor plan enhanced by the 9\'s ceiling height w/ 10\' in the tray ceiling, surrounded by large windows that flood the home w/ natural light. Main floor includes a mudroom w/ laundry, 3 generous sized bedrooms & 2 full baths. The kitchen is designed for those who love to cook & entertain w/ quartz counters, large island, pantry & more. The master at 15\'X14.8\' enjoys a 4pc. ensuite & walk-in closet. Built on Piles w/ ICF foundation, price includes GST & 5yr. warranty.', '202019422', '5f4787c2d7842604c1a8b184', '5f4787c2d7842670d5a8b185', '[\"5f4787c2d7842604c1a8b184\",\"5f4787c2d784262b07a8b186\",\"5f4787c2d784264765a8b188\",\"5f4787c2d78426c76da8b187\",\"5f4787c3d784268473a8b18a\",\"5f4787c3d784267644a8b189\",\"5f4787c3d78426dd10a8b18d\",\"5f4787c3d784263c62a8b18b\",\"5f4787c3d78426705da8b18c\",\"5f4787c3d7842628cba8b191\",\"5f4787c3d78426003ba8b18e\",\"5f4787c3d78426a3e7a8b195\",\"5f4787c3d7842667ada8b18f\",\"5f4787c3d784266b30a8b196\",\"5f4787c3d784268f2aa8b190\",\"5f4787c3d78426cc3fa8b19a\",\"5f4787c3d78426ab21a8b192\",\"5f4787c3d784260e36a8b198\",\"5f4787c3d784260b6ea8b199\",\"5f4787c3d78426ee33a8b197\",\"5f4787c3d784261bbea8b194\",\"5f4787c3d78426a325a8b19b\",\"5f4787c3d784262ab0a8b193\"]', 569900.00, '5f28c21ce10a062276e737c8', '5f28c3334e58bf6e4e9d43ba', '5f28c2e0024da61ac66ebcb6', '5f28c4b3245a285d0e2fd967', '5f16abb82444ee9518011d2a', '[]');
INSERT INTO `properties` VALUES ('5f47736c26433f19cb710bd0', '22 Luzon BAY', '22-luzon-bay', 3, 3, 1479, 'Wesley Dowse', 'OTP as presented, SS. Aug. 25. Welcome home! This GORGEOUS nearly new home backs onto a green space w/ NO backyard neighbours & walking distance to the new school. This home features a modern maintenance free curb appeal w/ a combination of stone, stucco & stamped architectural concrete walk. Entering the home gives you an impression of grandeur w/ open ceiling to the 2nd floor. The main floor features an open concept floor plan with kitchen opening into dining & living room areas. The kitchen features an island w/ seating area, corner pantry, tiled backsplash, finished w/ black stainless appliances. The sliding door off of the dining room opens into the backyard featuring a stamped concrete patio, fire pit area, surrounded by gardens & fence. The 2nd floor features 3 generous sized bedrooms, 2 full baths & laundry. The spacious master is equipped w/ walk-in closet & ensuite. This home includes a fully finished basement & insulated - drywalled garage. Too many features to list in this MUST SEE home!', '202021433', '5f4787c5a706574c759a58b8', '5f4787c5a7065775759a58b6', '[\"5f4787c5a706573d0c9a58b9\",\"5f4787c5a70657544e9a58b7\",\"5f4787c5a7065799339a58bd\",\"5f4787c5a7065743c49a58be\",\"5f4787c5a70657c1bb9a58bc\",\"5f4787c5a70657abeb9a58ba\",\"5f4787c5a70657bd759a58bb\",\"5f4787c5a7065708c49a58c0\",\"5f4787c5a70657c0259a58bf\",\"5f4787c5a7065770919a58c1\",\"5f4787c5a7065762d09a58c9\",\"5f4787c5a7065777ac9a58c2\",\"5f4787c5a7065752979a58c4\",\"5f4787c5a706576b7c9a58c3\",\"5f4787c5a70657bdde9a58cf\",\"5f4787c5a70657e0849a58c6\",\"5f4787c5a70657ed679a58ca\",\"5f4787c5a70657dcc79a58cb\",\"5f4787c5a7065739759a58c5\",\"5f4787c5a70657b3d49a58c7\",\"5f4787c5a7065731529a58c8\",\"5f4787c5a706571d389a58cc\",\"5f4787c5a706573a1d9a58cd\",\"5f4787c5a70657ed169a58d0\",\"5f4787c5a7065708709a58ce\"]', 494900.00, '5f28c07ec1a3c94a6ab30453', '5f28c36de051c60c8c863e93', '5f28c2e0024da61ac66ebcb6', '5f28c4b3245a285d0e2fd967', '5f16abb82444ee9518011d2a', '[\"5f47d02c1eb3958133c5d6e4\",\"5f47d02c1eb395d17ac5d6e2\",\"5f47d02c1eb3958442c5d6e7\",\"5f47d02c1eb395afb8c5d6e1\",\"5f47d02c1eb39568f3c5d6e8\",\"5f47d02c1eb395377fc5d6e5\",\"5f47d02c1eb395b926c5d6e3\",\"5f47d02c1eb3958524c5d6e6\"]');
INSERT INTO `properties` VALUES ('5f47736e606d04389778b41a', '589 Lucille BAY', '589-lucille-bay', 4, 3, 1606, 'Stacey Campbell', 'LUXURY custom-built 1606 sqft bungalow! 4 bedrooms w/3 full baths. 1200 sqft TRIPLE car garage w/in floor heat, floor drain & extra overhead door for backyard access. MASSIVE concrete driveway w/room for RV. LARGE kitchen features quartz counters, island w/mini fridge, tons of cabinetry, built in china cabinet & a walk in pantry w/freezer! Spacious master bedroom has walk in closet, ensuite w/heated tile & his+her sinks. MB also has private access to the back covered deck w/hot tub that can easily convert to 4 season! Other features include: main floor laundry, dual access to bsmt, 10 ft ceilings throughout, soundproof ceiling tiles in basement, ICF, Steel beam, FF bsmt, solid core doors, landscaped, fenced, instant circulating water, garburator, reverse osmosis system. Community offers all amenities, INCLUDING out door rink & park just seconds away!', '202017677', '5f4787c842b18bd814e1982a', '5f4787c842b18b2edce1982b', '[\"5f4787c842b18b2929e1982c\",\"5f4787c842b18b7777e1982d\",\"5f4787c842b18b6e6ae1982e\",\"5f4787c942b18bd4eee19831\",\"5f4787c842b18b1b1de1982f\",\"5f4787c942b18b9a51e1984b\",\"5f4787c942b18befc1e19830\",\"5f4787c942b18b1f48e1983e\",\"5f4787c942b18ba327e19847\",\"5f4787c942b18b92f4e19849\",\"5f4787c942b18b609de1984d\",\"5f4787c942b18b3bc7e19848\",\"5f4787c942b18bdde9e1984a\",\"5f4787c942b18b1d94e1984c\",\"5f4787c942b18b840de1984f\",\"5f4787c942b18bd9a2e19850\",\"5f4787c942b18b7fdee1985e\",\"5f4787c942b18b21f2e1984e\",\"5f4787c942b18bbc46e1985f\",\"5f4787c942b18b5c2be198bb\",\"5f4787c942b18b9f2de198ba\",\"5f4787c942b18b51d2e198df\",\"5f4787c942b18b4017e198d5\",\"5f4787c942b18b1469e198d6\",\"5f4787c942b18be6f2e198e0\"]', 589900.00, '5f28c21ce10a062276e737c8', '5f28c3334e58bf6e4e9d43ba', '5f28c2e0024da61ac66ebcb6', '5f28c4b3245a285d0e2fd967', '5f16abb82444ee9518011d2a', '[\"5f47d02f40d71a08376ea0e9\",\"5f47d02f40d71a46d76ea0e8\",\"5f47d02f40d71a34f66ea0ea\",\"5f47d02f40d71af47a6ea0fb\",\"5f47d02f40d71abb6f6ea0fc\",\"5f47d02f40d71a864f6ea0eb\",\"5f47d02f40d71a8a056ea0ec\"]');
INSERT INTO `properties` VALUES ('5f477371445f14135eb8326c', '2 794 Sargent AVE', '2-794-sargent-ave', 0, 0, 0, 'Edward Yuzak', 'For Lease   950 Sq ft  Sargent and Arlington, Main Floor  location in a high traffic area with Excellent Exposure in this very busy Strip Mall.Excellent parking for Clients and Tenants, Very Suitable for a Retail business or Office space. Tenant Pays own Utilities', '202019167', '5f4787cd7c9f6d642c35f0c5', '5f4787cd7c9f6d0c2e35f0c3', '[\"5f4787cd7c9f6dd23b35f0c4\"]', 0.00, '5f28c07ec1a3c94a6ab30453', '5f28c44bf4e9782db472febb', '5f28c2b6397ee38a604aa381', '5f28c4b3245a285d0e2fd967', '5f16abb82444ee9518011d2a', '[]');
INSERT INTO `properties` VALUES ('5f4773740ca8c22d5c7c8277', '27 FAIRFIELD LANE', '27-fairfield-lane', 3, 2, 1248, 'Stacey Campbell', 'Home to be built. Choose your colours, & there\'s still time to design!! 1248 sq ft 3 bedrooms, 2 full baths home w/double attached garage built on 64x130 lot, New Bothwell\'s FAIRFIELD RIDGE. This home features high ceilings, lots of lighting, quality laminate throughout, sump pump, a/c & more! Master bedroom w/4 pc ensuite & large walk in closet. Large kitchen w/pantry & island w/ seating, kitchen appliances are included in the price. Short commutes to all major shopping and conveniences. The desirable location has made this another successful subdivision!! Phase 2 lots will be available soon! Purchase now and save!! 5 year home warranty, GST included in the price, GST rebate to builder. Reputable long time builder! Call today for more details.', '202018849', '5f4787cf39d6df824d22b5db', '5f4787cf39d6df824d22b5db', '[\"5f4787cf39d6df230122b5dc\"]', 299900.00, '5f28c1f3f4e9780a7d72fca3', '5f28c33f21daad0b4e56a200', '5f28c2c0a98f21369d78de56', '5f28c4b3245a285d0e2fd967', '5f16abb82444ee9518011d2a', '[]');
INSERT INTO `properties` VALUES ('5f477377e368684e90c552ba', '603 155 Des Hivernants BLVD', '603-155-des-hivernants-blvd', 2, 2, 1046, 'Rhonda Almey', 'Showings start NOW! Enjoy sunny skies  in this East front courtyard facing condo with patio, and West facing upper balcony! Welcome home to this modern and classy townhouse style condo in the heart of Blue Stem Condominiums in the popular neighborhood of SAGE CREEK!  This condo offers 2 spacious bedrooms on the upper floor with a full 4 piece bathroom. Mid floor has open concept dining, great room and kitchen with full stainless steel appliance package. Nice and bright with tons of windows that offers an abundance of natural light! Enjoy sitting on your spacious deck this summer watching the sunset! Lower level offers front door entrance, access to your attached garage, laundry (new washer and dryer included!), powder room, utility room and coats closet. Turn key ready!', '202018206', '5f4787d26720f7c0b4e043ab', '5f4787d26720f761f4e043ac', '[\"5f4787d26720f7bfe2e043ad\",\"5f4787d26720f702e0e043a5\",\"5f4787d26720f7818ce043a7\",\"5f4787d26720f75025e043a8\",\"5f4787d26720f77370e043aa\",\"5f4787d26720f761b3e043a6\",\"5f4787d26720f77d4ae043a4\",\"5f4787d26720f73025e043be\",\"5f4787d26720f775afe043a9\",\"5f4787d26720f7baabe043bb\",\"5f4787d26720f76323e043bd\",\"5f4787d26720f774eee043bc\",\"5f4787d26720f764cfe043bf\",\"5f4787d26720f77402e043c0\"]', 272000.00, '5f28c07ec1a3c94a6ab30453', '5f28c3c6024da6d25f6ebcb7', '5f28c2c0a98f21369d78de56', '5f28c4b3245a285d0e2fd967', '5f16abb82444ee9518011d2a', '[]');
INSERT INTO `properties` VALUES ('5f477379818f5b07d4a0c7de', '301 110 Creek Bend RD', '301-110-creek-bend-rd', 1, 2, 1088, 'Russel Kehler', 'TRULY A WOW CONDO: Excellence and elegance is evident when you first walk in to this well appointed 1088 sq ft condo. Only one of 5 of these units in this building which features the full glass curved living room wall. Loaded with many thousands of dollars of upgrades that include marble finish walls in living, dining and kitchen. Other upgrades include LED lighting, dble pantries in the kitchen, marble backed island + front of island, marble back splash, executive custom blinds + newer appliances with full 4 and 5 year warranties. The ensuite/walk in closet is stunning with marble accents. Walk in closet was upgraded with additional shelving and cabinetry. Sit on your private deck + enjoy the scenery of the Seine River. Unit is located at the end of a quieter traffic area. Building has been sound proofed with hollow core floors + ICF concrete ext walls add to the noise free enjoyment of the suite. Parking includes one underground heated spot and another one outside. 2 storage units included as well.', '202020686', '5f4787d53b12fc38795b402c', '5f4787d53b12fc83305b402b', '[\"5f4787d53b12fc87045b402a\",\"5f4787d53b12fc2dd55b402f\",\"5f4787d53b12fc036a5b402d\",\"5f4787d53b12fca9b85b402e\",\"5f4787d53b12fcf7fa5b4030\",\"5f4787d53b12fcca1e5b4033\",\"5f4787d53b12fc46055b4036\",\"5f4787d53b12fc79015b4034\",\"5f4787d53b12fca64e5b4032\",\"5f4787d53b12fc320a5b4031\",\"5f4787d53b12fc8edb5b4038\",\"5f4787d53b12fc82c05b4035\",\"5f4787d53b12fcaae75b4037\",\"5f4787d53b12fc5c065b4039\",\"5f4787d53b12fc10625b403a\",\"5f4787d53b12fc04a25b403c\",\"5f4787d53b12fc81205b403b\",\"5f4787d53b12fc2dd55b402f\"]', 367500.00, '5f28c07ec1a3c94a6ab30453', '5f28c3f203d9202264238038', '5f28c2d520520b83b7b32f23', '5f28c4b3245a285d0e2fd967', '5f16abb82444ee9518011d2a', '[]');
INSERT INTO `properties` VALUES ('5f47737c1b9158310a20462e', '810 3030 Pembina HWY', '810-3030-pembina-hwy', 2, 1, 1034, 'Satwant Mavi', 'S/S Sunday July 26.  Needs 24 hr notice .Offer presented as received.Fantastic Fort Richmond 1034 sq ft 2 bedroom 8th floor condo with Lake view. You will be stunningly delighted with the amazing  view of the lake, pool and trees from the balcony. Upgraded counter tops, blinds New bath vanity, new bath surround walls, bathtub reglazed, New laminate floor ,New paint New painting in 2018. Eat-in kitchen with lots of storage. Large bedroom, master bedroom with a sink and access to the four-piece bathroom The nice living with a southeast-facing balcony, which provides plenty of natural light. Secure building, fitness room, an outdoor swimming pool, and a tennis court. Good location: walking distance to shop, restaurant and bus station (Route 162) and minutes distance to the school. (U of M, elementary school, FRC, Acadia high school. Condo fee included: Tv cable, Heat, Hot Water, Hydro, Water. Gds Incl: Window A/C Unit, Dishwasher, Refrigerator, StovePresently rented at $1430 plus $ 35 for parking.', '202017613', '5f4787d8059ef3727e1cf040', '5f4787d8059ef331581cf03e', '[\"5f4787d8059ef36e991cf03f\",\"5f4787d8059ef31bcb1cf03c\",\"5f4787d8059ef34a3b1cf03d\",\"5f4787d8059ef308c41cf042\",\"5f4787d8059ef34a681cf046\",\"5f4787d8059ef3599c1cf041\",\"5f4787d8059ef32e0a1cf043\",\"5f4787d8059ef3de961cf045\",\"5f4787d8059ef3126b1cf044\",\"5f4787d8059ef373bf1cf060\"]', 172500.00, '5f28c07ec1a3c94a6ab30453', '5f28c3f203d9202264238038', '5f28c2b6397ee38a604aa381', '5f28c4b3245a285d0e2fd967', '5f16abb82444ee9518011d2a', '[]');
INSERT INTO `properties` VALUES ('5f47737ee24b3f0d13d577bd', '14 865 Rathgar AVE', '14-865-rathgar-ave', 2, 3, 1300, 'Stacey Campbell', 'A wonderful residence nestled in the vibrant & perfectly located South Osborne. Wonderful home w/sought after features like main floor bath & laundry, Large windows to maximizes natural light! A/C, all brand new appliances, 2 min walk to large park, 2 min walk to rapid transit station! ** PET FRIENDLY - NO SIZE RESTRICTIONS! Private patio off the second floor to enjoy afternoons in the sun or evening breezes. Great kitchen w/quartz countertops & SS appliances. Eat up kitchen island & formal dining area! Brand New! Master bed room is a DREAM- spoil yourself - oversize WALK IN closet and LARGE en-suite with his and hers sinks and large shower. Walk through the open concept den to your private balcony for your morning coffee!! Guest bed room - good size with large window, adjacent the second floor full bath. Elegant home with huge windows! 1300sq ft of living space, covered 2 car parking, patio off the front door. The best in location! Lord Roberts Rapid Transit popular subdivision!', '202020960', '5f4787db70e39988e4cab493', '5f4787db70e3998472cab492', '[\"5f4787db70e3998472cab492\",\"5f4787db70e3994098cab494\",\"5f4787db70e3993289cab495\",\"5f4787db70e399393ecab496\",\"5f4787db70e399878ccab497\",\"5f4787db70e39959a4cab498\",\"5f4787db70e399a099cab4ae\",\"5f4787db70e399ce27cab4ac\",\"5f4787db70e3995478cab4ad\",\"5f4787db70e3997faacab4aa\",\"5f4787db70e39971fbcab4ab\",\"5f4787db70e39950dbcab4af\",\"5f4787db70e3990a05cab4b0\",\"5f4787db70e39963a3cab4b1\"]', 320952.00, '5f28c07ec1a3c94a6ab30453', '5f28c36de051c60c8c863e93', '5f28c2c0a98f21369d78de56', '5f28c4b3245a285d0e2fd967', '5f16abb82444ee9518011d2a', '[]');
INSERT INTO `properties` VALUES ('5f477381d7426250b1716f11', '15 Wyldewood CR', '15-wyldewood-cr', 4, 3, 1356, 'Matthew Young', 'S/S Now, Offers as received. Welcome home to 15 Wyldewood Crescent in Niverville. This gorgeous 1,356 SF bi-level is sure to please with 4 bedrooms total, 2 on the main floor and 2 in the basement. This home was built in 2014 by Heritage Lane Builders, features beautiful quartz countertops and tile backsplash. The open concept floor plan is great for entertaining guests, where everyone can be together. You can enjoy your large rec. room in the basement which offer a great atmosphere for a movie night. Heading outside, you have a large deck where you can enjoy a few drinks with friends and family, while enjoying the beautiful weather. This stunning, Book your showing today!', '202021286', '5f4787de90c6414851dfe175', '5f4787de90c6415380dfe174', '[\"5f4787de90c6413b4cdfe177\",\"5f4787de90c6415af2dfe176\",\"5f4787de90c641196adfe173\",\"5f4787de90c64134a6dfe178\",\"5f4787de90c6416e5fdfe17b\",\"5f4787de90c64134f5dfe179\",\"5f4787de90c6411448dfe17a\",\"5f4787de90c641379fdfe17c\",\"5f4787de90c641ed18dfe17d\",\"5f4787de90c641d792dfe17f\",\"5f4787de90c6415ed9dfe17e\",\"5f4787de90c641ab86dfe182\",\"5f4787de90c6418c51dfe180\",\"5f4787de90c64102b0dfe181\",\"5f4787de90c641731adfe183\",\"5f4787de90c64135aadfe189\",\"5f4787de90c6414942dfe188\",\"5f4787de90c6410ba6dfe185\",\"5f4787de90c6416c3ddfe18a\",\"5f4787de90c641865adfe187\",\"5f4787de90c6413769dfe184\",\"5f4787de90c6417524dfe186\",\"5f4787de90c641d470dfe18b\",\"5f4787de90c641a472dfe18c\",\"5f4787de90c64103d7dfe18d\"]', 398900.00, '5f28c1f9a67f44729064bc65', '5f28c33f21daad0b4e56a200', '5f28c2d520520b83b7b32f23', '5f28c4b3245a285d0e2fd967', '5f16abb82444ee9518011d2a', '[\"5f47d0418f9bfe6ef8a249db\",\"5f47d0418f9bfe5ee9a249dd\",\"5f47d0418f9bfe4319a249dc\",\"5f47d0418f9bfe0bb3a249de\"]');
INSERT INTO `properties` VALUES ('5f477384584b7534f460da55', '329 Burrows AVE', '329-burrows-ave', 5, 2, 1728, 'Tony Martone', 'Lots of space for that growing family with 1728 sq ft this two and one half storey home has 5 bedrooms with 2 bathrooms and a second kitchen.This home was being used as a single family home but is zoned R2. Fenced yard with 31 X 100 lot. Quick possession available.', '202020852', '5f4787e103967a3d399c6bc4', '5f4787e103967a645d9c6bc5', '[\"5f4787e103967a412f9c6bc6\"]', 179900.00, '5f28c07ec1a3c94a6ab30453', '5f28c38399f78159520e5fd5', '5f28c2b6397ee38a604aa381', '5f28c4b3245a285d0e2fd967', '5f16abb82444ee9518011d2a', '[]');
INSERT INTO `properties` VALUES ('5f477387474cb02364c13ba5', '11 Totem RD', '11-totem-rd', 2, 2, 1008, 'Wesley Dowse', 'Offers as presented. Don\'t wait this gorgeous cabin built by Reve Custom Homes is the perfect holiday get away! Located just South of the town of Lac Du Bonnet adjacent to the river on Totem Rd. this property enjoys river access w/ picturesque fire pit area overlooking the river. This functional floor plan features an open concept main floor w/ a spacious eat-in kitchen opening into living room area. The kitchen features plenty of cabinet & counter space recent appliances, pantry & computer desk area. The living room enjoys an almost 15\' vaulted ceiling & wood stove for those chilly winter nights. The main floor includes master bedroom & 4pc. bath w/ built in laundry closet. The 2nd floor includes an open loft area making a perfect den / games room, 2pc. powder room & spacious 2nd bedroom w/ 2 built in bunks total of 4 beds. This cabin in the woods can be enjoyed in every season, features NEST thermostat, insulated dbl. deep garage, built on an ICF foundation w/ holding tank & cistern. Call Now!', '202021686', '5f4787e3898cdc17af75fe1b', '5f4787e3898cdc17af75fe1b', '[\"5f4787e3898cdc17af75fe1b\",\"5f4787e3898cdc34b075fe23\",\"5f4787e3898cdcc89f75fe1e\",\"5f4787e3898cdc7bf275fe1c\",\"5f4787e3898cdc7f1f75fe1d\",\"5f4787e3898cdc402b75fe1f\",\"5f4787e3898cdcc68475fe20\",\"5f4787e3898cdc55fc75fe21\",\"5f4787e3898cdc179175fe24\",\"5f4787e3898cdc0e2475fe22\",\"5f4787e3898cdca84675fe25\",\"5f4787e4898cdccbc975fe2a\",\"5f4787e3898cdca06c75fe26\",\"5f4787e3898cdc77ae75fe27\",\"5f4787e4898cdc562575fe28\",\"5f4787e4898cdc714175fe29\",\"5f4787e4898cdcb3a975fe2b\",\"5f4787e4898cdc122675fe2d\",\"5f4787e4898cdc3f2075fe2c\",\"5f4787e4898cdc79ce75fe2e\",\"5f4787e4898cdc541075fe2f\",\"5f4787e4898cdc457575fe30\",\"5f4787e4898cdc12e475fe31\",\"5f4787e4898cdc1c3b75fe33\",\"5f4787e4898cdcb1de75fe32\"]', 259900.00, '5f28c856e0e9a54303b114ed', '5f28c36de051c60c8c863e93', '5f28c2c0a98f21369d78de56', '5f28c4b3245a285d0e2fd967', '5f16abb82444ee9518011d2a', '[\"5f47d0460ee6d9fefed4b67d\",\"5f47d0460ee6d95523d4b67c\",\"5f47d0470ee6d96481d4b680\",\"5f47d0460ee6d901e3d4b67e\",\"5f47d0470ee6d9d6e3d4b682\",\"5f47d0470ee6d934cfd4b67f\",\"5f47d0470ee6d9fc36d4b681\",\"5f47d0470ee6d98292d4b683\",\"5f47d0470ee6d90cfdd4b684\",\"5f47d0470ee6d90b97d4b686\",\"5f47d0470ee6d9ca17d4b685\"]');
INSERT INTO `properties` VALUES ('5f4773897c61797dc73598ba', '4151 308 HWY', '4151-308-hwy', 3, 1, 1319, 'Denise Sandberg', 'NEW TO THE MARKET! Homesteader\'s dream 67+ acres of beautiful residential farm land. Tired of the rat race and just want some peace and quiet then this is the place for you. Situated in beautiful SE MB and located only 30 minutes from Moose Lake Provincial Park and Buffalo Point Lake of the Woods. The home has a welcoming kitchen with island and seating area that is open to the dinning room. The bathroom has been updated as well as the kitchen/dinning room lights and majority of windows. Large living room with big windows and lots light. All 3 bdrms are on the main flr. The master is huge with a walkin closet. It boasts a bay window that lets in lots of light and shows a fantastic view of the park like backyard. The basement has a nice size laundry room, new furnace (2019). Woodstove is currently insured. Large covered deck and playhouse w/hydro.Property is fenced for horses. 2 storage sheds 1 with a 200 amp panel box. 2 riding mowers 1/w bagger, snow blower and tiller included.', '202021459', '5f4787e788fe4a6e7837e7b1', '5f4787e788fe4a951c37e7af', '[\"5f4787e788fe4a042d37e7b0\",\"5f4787e788fe4a230f37e7b2\",\"5f4787e788fe4ada0037e7ad\",\"5f4787e788fe4aad6d37e7b3\",\"5f4787e788fe4af9e437e7ae\",\"5f4787e788fe4a0dfd37e7b8\",\"5f4787e788fe4a299837e7b7\",\"5f4787e788fe4a6aa337e7b6\",\"5f4787e788fe4a5f7737e7b4\",\"5f4787e788fe4a680b37e7b5\",\"5f4787e788fe4a20ff37e7de\",\"5f4787e788fe4ae64a37e7e0\",\"5f4787e788fe4ad20e37e7df\",\"5f4787e788fe4a14fe37e7e3\",\"5f4787e788fe4a50ed37e7e1\",\"5f4787e788fe4aca2a37e7e4\",\"5f4787e788fe4a230937e7e2\",\"5f4787e788fe4a964337e7e5\",\"5f4787e788fe4a24f737e7e8\",\"5f4787e788fe4ac43d37e7e7\",\"5f4787e788fe4a75e337e7e6\",\"5f4787e788fe4a0f3b37e7eb\",\"5f4787e788fe4a6ef837e7ec\",\"5f4787e788fe4adea237e7e9\",\"5f4787e788fe4a33e237e7ea\"]', 249900.00, '5f474f5acc876e60c50ea716', '5f28c3334e58bf6e4e9d43ba', '5f28c2b6397ee38a604aa381', '5f28c4b3245a285d0e2fd967', '5f16abb82444ee9518011d2a', '[\"5f47d04a2b24ce87ad1bad70\",\"5f47d04a2b24ce98581bad74\",\"5f47d04a2b24ce1ee71bad71\",\"5f47d04a2b24cea10e1bad72\",\"5f47d04a2b24ce36931bad73\",\"5f47d04a2b24ce3d381bad75\",\"5f47d04a2b24ce12a11bad7a\",\"5f47d04a2b24ce2be81bad77\",\"5f47d04a2b24ce17951bad78\",\"5f47d04a2b24cebd3c1bad76\",\"5f47d04a2b24cebe3e1bad79\"]');
INSERT INTO `properties` VALUES ('5f47738d0ca8c2802f7c8278', '249 Midwinter AVE', '249-midwinter-ave', 0, 0, 0, 'Edward Yuzak', 'Zoned R2 Architectural plans available for a 10 suite Apartment Block all 2 bedroom suites plus a den or office . Architectural Plans,building, engineering plans, permits plus letter of authorization to discusses as needed with City Authorities available   Shovel ready to proceed.', '202013521', '5f4787ea3151955c21f19d68', '5f4787ea3151950633f19d69', '[\"5f4787ea3151955c21f19d68\"]', 399999.00, '5f28c07ec1a3c94a6ab30453', '5f28c3453278064238d9d767', '5f28c2d520520b83b7b32f23', '5f28c4b3245a285d0e2fd967', '5f16abb82444ee9518011d2a', '[]');
INSERT INTO `properties` VALUES ('5f4773908935b556ad606b0d', '388 St John\'s AVE', '388-st-john-s-ave', 3, 2, 1422, 'Tony Martone', 'Showings now on and offers presented as received. Upstairs is being rented for $720 with tenant pays hydro and water. The main floor tenant is paying $1000 a month pay hydro and gas. Owner pays for water for main floor only.Tenants are on leases and would like to stay.  Both units are rented out so please allow for 24 hours notice for tenant.', '202020841', '5f4787edc379982f2794a317', '5f4787edc379986d3a94a316', '[\"5f4787edc379986d3a94a316\"]', 154900.00, '5f28c07ec1a3c94a6ab30453', '5f28c3ff245a28f7a42fd965', '5f28c2b6397ee38a604aa381', '5f28c4b3245a285d0e2fd967', '5f16abb82444ee9518011d2a', '[]');
INSERT INTO `properties` VALUES ('5f47739226433fab05710bd1', '26 Dochart GATE', '26-dochart-gate', 3, 2, 1344, 'Wesley Dowse', 'Offers as received. To be built by Heritage Lane Builders this move-in ready home comes complete with Fence, Deck, landscaping, concrete driveway & attached garage. The exterior is a maint. free combination of Stone, Stucco & Hardie Board Siding. Enter the home into a spacious front foyer, the main floor includes 2pc. powder room & open concept floor plan. The kitchen is finished in timeless white cabinetry w/ large island w/ seating area which opens into the dining area and spacious living room, all surrounded by large windows flooding the home with natural light. The sliding door off of the dining area opens onto your private back deck. The 2nd floor features 3 generous sized bedrooms, 4pc bath with ensuite door to the master bedroom & laundry room. The master is spacious & outfitted w/ a huge walk-in closet! The home comes complete w/ High efficiency gas furnace, Central A/C, 5yr. warranty & includes Net GST! Call now!', '202019427', '5f4787f0f52c523c33c67ff3', '5f4787f0f52c52089dc680e9', '[\"5f4787f0f52c523f3bc680e8\",\"5f4787f0f52c52001ec67fef\",\"5f4787f0f52c52a01ec67ff0\",\"5f4787f0f52c524dd7c67ff1\",\"5f4787f0f52c528e88c67ff2\",\"5f4787f0f52c52d500c680ec\",\"5f4787f0f52c5269c6c680ea\",\"5f4787f0f52c5273dbc680eb\",\"5f4787f0f52c527696c6810e\",\"5f4787f0f52c5272a2c680e6\",\"5f4787f0f52c52aa2fc680e7\",\"5f4787f0f52c52e94ec6810f\",\"5f4787f0f52c52c7b6c68111\",\"5f4787f0f52c522fdcc6810d\",\"5f4787f0f52c521155c68114\",\"5f4787f0f52c521030c6810c\",\"5f4787f0f52c52827dc6810b\",\"5f4787f0f52c527c95c68110\",\"5f4787f0f52c521e86c68112\",\"5f4787f0f52c528922c68113\",\"5f4787f0f52c5267dcc68115\"]', 249900.00, '5f28c1f9a67f44729064bc65', '5f28c36de051c60c8c863e93', '5f28c2b6397ee38a604aa381', '5f28c4b3245a285d0e2fd967', '5f16abb82444ee9518011d2a', '[]');
INSERT INTO `properties` VALUES ('5f477397584b7515a860da56', '35 Shoreline DR', '35-shoreline-dr', 3, 4, 2108, 'Wei Zhou (Nick) Chen', 'Open House: Aug 8, 2-4PM, Aug 9, 2-4PM. Welcome home to this absolutely Stunning Custom Built Two Storey on one of Lindenwoods most prestigious streets! From the moment you enter you will be impressed. Main floor features gleaming hardwood flooring through, vaulted ceilings, Spacious Eat in Kitchen with lots of cabinetry, island and all appliances! The Sunken Family Room is accented by a tiled facing gas fireplace and large windows perfect for entertaining! But wait there is more! Main floor also boosts huge formal living/dining room ready to host your next dinner party! Upstairs features 2 great sized bedrooms and a luxurious Master Bedroom with a gorgeous master ensuite including tiled glass roman shower & soaker tub! The breathtaking fully landscaped yard ft a two tier deck & interlocking stone patio WOW! Updates include furnace, shingles, most windows, paint, mostly new carpeting, blinds, exterior light fixtures and more!! DON T MISS OUT on this RARE opportunity CALL NOW to book your private showing!', '202017880', '5f4787f3d17e285f1e0cadbe', '5f4787f3d17e2826ac0cadbd', '[\"5f4787f3d17e287a710cadbf\",\"5f4787f3d17e280fe50cadb8\",\"5f4787f3d17e2808930cadb7\",\"5f4787f3d17e28925e0cadb3\",\"5f4787f3d17e28334f0cadb1\",\"5f4787f3d17e28521d0cadb5\",\"5f4787f3d17e28ecc80cadbc\",\"5f4787f3d17e281b350cadb2\",\"5f4787f3d17e284b520cadb4\",\"5f4787f3d17e2882860cadb9\",\"5f4787f3d17e2857410cadb6\",\"5f4787f3d17e28d37a0cadba\",\"5f4787f4d17e28a3e90cadc4\",\"5f4787f3d17e286f760cadbb\",\"5f4787f3d17e2811430cadc2\",\"5f4787f3d17e285bac0cadc1\",\"5f4787f3d17e28d21b0cadc0\",\"5f4787f4d17e28e2e00cadc8\",\"5f4787f4d17e2808d10cadc3\",\"5f4787f4d17e284c9e0cadc7\",\"5f4787f4d17e287bc20cadc6\",\"5f4787f4d17e2858590cadc5\",\"5f4787f4d17e2841790cadd5\",\"5f4787f4d17e28dd660cadd4\",\"5f4787f4d17e285fda0cadd3\"]', 749900.00, '5f28c07ec1a3c94a6ab30453', '5f28c36de051c60c8c863e93', '5f28c2f10943538634ee889e', '5f28c4b3245a285d0e2fd967', '5f16abb82444ee9518011d2a', '[\"5f47d0550fef2876396b29f6\",\"5f47d0550fef283b926b29f4\",\"5f47d0550fef281cf06b29f5\",\"5f47d0550fef28c2d66b2a08\",\"5f47d0550fef28d0736b29f7\",\"5f47d0550fef2830c86b2a0a\",\"5f47d0550fef285b5b6b2a0c\",\"5f47d0550fef28fe396b2a0b\",\"5f47d0550fef28b3596b2a09\",\"5f47d0550fef2804df6b2a0d\"]');
INSERT INTO `properties` VALUES ('5f47739b9ac1d76a81432707', '227 Britannia AVE', '227-britannia-ave', 2, 1, 919, 'Glenn Rand', 'Cute little 2BR bungalow on a quiet street in Selkirk in great shape but needing some paint and updating. New bright and white kitchen 2 years ago, hardwood floors throughout main floor, new HWT in 2018, high efficiency furnace just prior to 2016, vinyl windows throughout main floor, aluminum sliders in the basement.Shingles only 5 years old, and new eavestroughing 2 years ago.  Has a 3rd bedroom in basement which doesn\'t meet egress. Large laundry room/storage room, single garage, and very private treed backyard, with a covered deck off the back of the house. Close to all types of shopping! Perfect starter home!!', '202021123', '5f4787f792c5443c16a0337c', '5f4787f792c5443c16a0337c', '[\"5f4787f792c54439e8a0337d\",\"5f4787f792c5445f36a033a6\",\"5f4787f792c5446e8ea033a7\",\"5f4787f792c544c05fa03385\",\"5f4787f792c544bab4a03386\",\"5f4787f792c544160ba033a8\",\"5f4787f792c544b6afa033aa\",\"5f4787f792c544d5b4a033ab\",\"5f4787f792c5443e62a033ac\",\"5f4787f792c5447bc4a033a9\",\"5f4787f792c544f136a033b1\",\"5f4787f792c54413b3a033ae\",\"5f4787f792c544501ba033c3\",\"5f4787f792c5446c1ca033c2\",\"5f4787f792c5443df6a033b3\",\"5f4787f792c544824ca033ad\",\"5f4787f792c5448466a033af\",\"5f4787f792c5443418a033b0\",\"5f4787f792c54468b4a033b2\",\"5f4787f792c5446e8ea033a7\"]', 219900.00, '5f28c2160943533156ee8896', '5f28c3334e58bf6e4e9d43ba', '5f28c2b6397ee38a604aa381', '5f28c4b3245a285d0e2fd967', '5f16abb82444ee9518011d2a', '[]');
INSERT INTO `properties` VALUES ('5f47739df6d576df7fadaac7', '95 Eaglewood DR', '95-eaglewood-dr', 4, 3, 2126, 'Wei Zhou (Nick) Chen', 'Showing starts now. Offers as received. Open House: Aug 29, 2-4PM, Aug 30, 2-4PM. Welcome to this KDR Winning award show home in the prestigious south end community. This bright and spacious two storey home comes complete with 4 bedrooms and 2.5 bath. Large great room with big triple pane windows, tall wall feature with electric fireplace with tile. Huge kitchen with quartz countertop, stainless appliances included. A den and half bath to finish the main floor. There are three good sized bedroom plus a huge master bedroom with deluxe ensuite, and a laundry room to finish the second floor. Tons of upgrades: Hard surface laminated floor throughout the first floor, piled foundation, structural steel beam supporting main floor, engineered floor system, build-in speakers and so on. You must come to see this beauty!!!! Book your showings today.', '202021651', '5f4787fa42b18b5e59e1b41d', '5f4787fa42b18be2d6e1b41e', '[\"5f4787fa42b18b1d52e1b41c\",\"5f4787fa42b18b56e6e1b41a\",\"5f4787fa42b18bf18ce1b428\",\"5f4787fa42b18b9419e1b41f\",\"5f4787fa42b18b2a8ae1b419\",\"5f4787fa42b18b6a2be1b41b\",\"5f4787fa42b18b28d3e1b425\",\"5f4787fa42b18bedb3e1b427\",\"5f4787fa42b18b66a3e1b429\",\"5f4787fa42b18b506ee1b426\",\"5f4787fa42b18ba50ce1b430\",\"5f4787fa42b18b9e51e1b42d\",\"5f4787fa42b18b249ae1b42b\",\"5f4787fa42b18b73c3e1b42e\",\"5f4787fa42b18ba156e1b42a\",\"5f4787fa42b18b1733e1b42f\",\"5f4787fa42b18b3514e1b42c\",\"5f4787fb42b18b2a6ae1b433\",\"5f4787fa42b18b38eae1b432\",\"5f4787fa42b18bcd05e1b431\",\"5f4787fb42b18b82f0e1b435\",\"5f4787fb42b18b1945e1b434\",\"5f4787fb42b18ba75fe1b436\",\"5f4787fb42b18b0199e1b438\",\"5f4787fb42b18b52cae1b437\"]', 679900.00, '5f28c07ec1a3c94a6ab30453', '5f28c36de051c60c8c863e93', '5f28c2f10943538634ee889e', '5f28c4b3245a285d0e2fd967', '5f16abb82444ee9518011d2a', '[\"5f47d05bb1716c6956075e93\",\"5f47d05bb1716cb140075e92\",\"5f47d05bb1716ce41b075e95\",\"5f47d05bb1716c2517075e94\",\"5f47d05bb1716c1897075e96\",\"5f47d05bb1716c40f8075e99\",\"5f47d05bb1716c1aa3075e97\",\"5f47d05bb1716c05eb075e98\",\"5f47d05bb1716c7c1a075e9c\",\"5f47d05bb1716c1ca6075e9b\",\"5f47d05bb1716cd951075e9a\",\"5f47d05bb1716cca7f075ea0\",\"5f47d05bb1716cce2d075e9d\",\"5f47d05bb1716cff2a075e9f\",\"5f47d05bb1716c3d6f075e9e\",\"5f47d05bb1716ca5ce075ea6\",\"5f47d05bb1716ce614075ea3\",\"5f47d05bb1716c3b01075ea2\",\"5f47d05bb1716c179f075ea1\",\"5f47d05bb1716c1c8a075ea5\",\"5f47d05bb1716c5c21075ea4\",\"5f47d05bb1716c15f7075ea7\"]');
INSERT INTO `properties` VALUES ('5f47739fae5c582539d42ded', '3 PR210 HWY', '3-pr210-hwy', 0, 0, 0, 'Wesley Dowse', 'Offers as presented, Located just East of St.Adolphe Mb. on the PR210 a short commute to Winnipeg.  AMAZING PRICE & PERFECT LOCATION! Build your dream house and shop and have room to spare! Raise your family in a country surrounding within walking distance of the town of St. Adolphe!  NO TIMELINES, NO DESIGN CONTROLS, Acreage property with NO gravel to travel!! Call now to secure this lot, subdivision is completed. Gas & Electrical at the road purchasers are responsible for connections.  No town water & sewer connection purchaser will require septic tank, field and well for drinking water.  Purchaser is responsible for flood proofing.  Shared driveway approach with lot 4. Call now these lots are priced to sell!', '202021586', '5f47878cb54b07dfe6634a7a', '5f47878cb54b07dfe6634a7a', '[\"5f47878cb54b07dfe6634a7a\",\"5f47878cb54b077ba0634a77\",\"5f47878cb54b074b72634a78\"]', 79900.00, '5f28c21ce10a062276e737c8', '5f28c3453278064238d9d767', '5f28c2b6397ee38a604aa381', '5f28c4b3245a285d0e2fd967', '5f16abb82444ee9518011d2a', '[]');
INSERT INTO `properties` VALUES ('5f4773a2fbd30c4b9af8da78', '83 Scammel RD', '83-scammel-rd', 3, 3, 1845, 'Andrew St. Hilaire', 'Showings start now. Offers Aug 31. Beautiful 1845 SF 3 bedroom 3 bath two-storey in River Park South. Open concept living room and kitchen, tons of natural light, porcelain tiles with in-floor heat throughout main floor and upstairs baths, solid hardwoods stairs & 2nd floor. Flush mount registers throughout with no transitions anywhere. Large master and spacious 2nd and 3rd bedrooms with walk-in closets. Granite counters in kitchen & baths. All appliances included. Alarm, piled foundation, central air conditioning, insulated garage and door, 9-foot basement height, Delta Wrap foundation, Tuxedo Connected Controller system for heat, lights & alarm, unfinished insulated basement with roughed in plumbing ready for your design. Large fenced backyard, custom design and many builder upgrades. Close to schools, St Vital Shopping Centre, parks, paths and trails.', '202021450', '5f47880188fe4adc0637f1f9', '5f47880188fe4adc0637f1f9', '[\"5f47880188fe4adc0637f1f9\",\"5f47880188fe4a1d2237f1fc\",\"5f47880188fe4a478737f1fa\",\"5f47880188fe4aac7437f206\",\"5f47880188fe4ad20737f1fb\",\"5f47880188fe4a53a237f208\",\"5f47880188fe4a654a37f209\",\"5f47880188fe4a3e2b37f207\",\"5f47880188fe4ae1bf37f20a\",\"5f47880188fe4a5dea37f20b\",\"5f47880188fe4a54a337f20c\",\"5f47880188fe4ae32f37f212\",\"5f47880188fe4af1de37f211\",\"5f47880188fe4ac34237f213\",\"5f47880188fe4a275a37f20e\",\"5f47880188fe4a585037f20f\",\"5f47880188fe4ae0e737f210\",\"5f47880188fe4ae50537f20d\",\"5f47880188fe4a652637f217\",\"5f47880188fe4a5dd937f21a\",\"5f47880188fe4a905037f215\",\"5f47880188fe4a442237f214\",\"5f47880188fe4a883837f216\",\"5f47880188fe4a526237f219\",\"5f47880188fe4a589b37f218\"]', 520000.00, '5f28c07ec1a3c94a6ab30453', '5f28c36de051c60c8c863e93', '5f28c2e0024da61ac66ebcb6', '5f28c4b3245a285d0e2fd967', '5f16abb82444ee9518011d2a', '[\"5f47d06002ac038685e22cd2\",\"5f47d06002ac0390a6e22cd3\",\"5f47d06002ac0336e5e22cd4\",\"5f47d06002ac0385b9e22cd5\",\"5f47d06002ac03d9abe22cd6\",\"5f47d06002ac037b02e22cd7\",\"5f47d06002ac032e26e22cd9\",\"5f47d06002ac034123e22cd8\",\"5f47d06002ac03e90fe22cda\",\"5f47d06102ac034532e22cdc\",\"5f47d06102ac038d07e22cdb\"]');
INSERT INTO `properties` VALUES ('5f4773a5445f1406edb8326e', '28 Dochart GATE', '28-dochart-gate', 3, 2, 1344, 'Russel Kehler', 'These Spacious 3 bedrooms 1.5 Bath units are going to be built in Niverville\'s Highland Community. These units come complete with Insulated and drywalled single car garages. The main floor features a large kitchen with Island, dining room, livingroom and a 1.5 pc bath. Patio doors lead to your deck and fenced backyard. As you make your way up the stairs you are welcomed by a large Master bedroom with walk-in closet, 4 pc bathroom and 2 additional bedrooms. The laundry room is also on the second floor so no need to haul your laundry downstairs. These amazing Townhouses are well designed with top notch finishings. Call now as we are starting PRE-SALES on these Townhomes now. You dont want to miss your chance at owning one so call before they are all SOLD. photos of a similiar completed unit.', '202019407', '5f478804cbf4ea6b2b78a3a9', '5f478804cbf4ea2afa78a3aa', '[\"5f478804cbf4ea6b2b78a3a9\",\"5f478805cbf4ea407f78a3ae\",\"5f478805cbf4ea9e9378a3ad\",\"5f478805cbf4ea27e678a3b2\",\"5f478805cbf4ead85b78a3b0\",\"5f478805cbf4ea09ea78a3b8\",\"5f478805cbf4ea0a9878a3b3\",\"5f478804cbf4ea74ea78a3ab\",\"5f478805cbf4ea457878a3bc\",\"5f478805cbf4ea00d978a3af\",\"5f478805cbf4ea06b778a3b6\",\"5f478805cbf4eaebdb78a3bd\",\"5f478804cbf4ea060f78a3ac\",\"5f478805cbf4ea29dc78a3b1\",\"5f478805cbf4eae2d678a3b9\",\"5f478805cbf4ea82c578a3b5\",\"5f478805cbf4ea9f2378a3bb\",\"5f478805cbf4ea8f7f78a3be\",\"5f478805cbf4ea95e378a3b4\",\"5f478805cbf4ea473b78a3c2\",\"5f478805cbf4ea3f5078a3bf\",\"5f478805cbf4ea0a3c78a3b7\",\"5f478805cbf4eab4e478a3ba\",\"5f478805cbf4eaf7f178a3c0\",\"5f478805cbf4eab94f78a3c1\"]', 249900.00, '5f28c1f9a67f44729064bc65', '5f28c36de051c60c8c863e93', '5f28c2b6397ee38a604aa381', '5f28c4b3245a285d0e2fd967', '5f16abb82444ee9518011d2a', '[\"5f47d06576e96d6a3dbd7113\"]');

-- ----------------------------
-- Table structure for property_types
-- ----------------------------
DROP TABLE IF EXISTS `property_types`;
CREATE TABLE `property_types`  (
  `id` varchar(255) CHARACTER SET utf8mb4 COLLATE utf8mb4_general_ci NOT NULL,
  `name` varchar(1024) CHARACTER SET utf8mb4 COLLATE utf8mb4_general_ci NULL DEFAULT NULL,
  `slug` varchar(255) CHARACTER SET utf8mb4 COLLATE utf8mb4_general_ci NULL DEFAULT NULL,
  `cid` varchar(255) CHARACTER SET utf8mb4 COLLATE utf8mb4_general_ci NULL DEFAULT NULL,
  PRIMARY KEY (`id`) USING BTREE
) ENGINE = InnoDB CHARACTER SET = utf8mb4 COLLATE = utf8mb4_general_ci ROW_FORMAT = Dynamic;

-- ----------------------------
-- Records of property_types
-- ----------------------------
INSERT INTO `property_types` VALUES ('5f28c3334e58bf6e4e9d43ba', 'bungalow', 'bungalow', '5f28c32761f5b4e28a03d11f');
INSERT INTO `property_types` VALUES ('5f28c33a28f2fd17429e5f8d', 'condo', 'condo', '5f28c32761f5b4e28a03d11f');
INSERT INTO `property_types` VALUES ('5f28c33f21daad0b4e56a200', 'bi-level', 'bi-level', '5f28c32761f5b4e28a03d11f');
INSERT INTO `property_types` VALUES ('5f28c3453278064238d9d767', 'vacant land', 'vacant-land', '5f28c32761f5b4e28a03d11f');
INSERT INTO `property_types` VALUES ('5f28c34f29465c5ae7430f8d', '1-storey', '1-storey', '5f28c32761f5b4e28a03d11f');
INSERT INTO `property_types` VALUES ('5f28c35790ccd298a0237b25', '1-storey', '11-4-storey', '5f28c32761f5b4e28a03d11f');
INSERT INTO `property_types` VALUES ('5f28c360a5b59b53e9dbb0dd', '1-storey', '11-2-storey', '5f28c32761f5b4e28a03d11f');
INSERT INTO `property_types` VALUES ('5f28c368fc8d4a11b39c677f', '1-storey', '13-4-storey', '5f28c32761f5b4e28a03d11f');
INSERT INTO `property_types` VALUES ('5f28c36de051c60c8c863e93', '2-storey', '2-storey', '5f28c32761f5b4e28a03d11f');
INSERT INTO `property_types` VALUES ('5f28c375552e684c25806704', '2-storey', '21-4-storey', '5f28c32761f5b4e28a03d11f');
INSERT INTO `property_types` VALUES ('5f28c38399f78159520e5fd5', '2-storey', '21-2-storey', '5f28c32761f5b4e28a03d11f');
INSERT INTO `property_types` VALUES ('5f28c38c327806ecabd9db4e', '2-storey', '23-4-storey', '5f28c32761f5b4e28a03d11f');
INSERT INTO `property_types` VALUES ('5f28c3b7ce2bd979cf3a6197', 'tri-level', 'tri-level', '5f28c32761f5b4e28a03d11f');
INSERT INTO `property_types` VALUES ('5f28c3c6024da6d25f6ebcb7', 'multi-level', 'multi-level', '5f28c32761f5b4e28a03d11f');
INSERT INTO `property_types` VALUES ('5f28c3f203d9202264238038', 'apartment', 'apartment', '5f28c32761f5b4e28a03d11f');
INSERT INTO `property_types` VALUES ('5f28c3ff245a28f7a42fd965', 'duplex', 'duplex', '5f28c32761f5b4e28a03d11f');
INSERT INTO `property_types` VALUES ('5f28c40421daad7d3a56a20d', 'tri-plex', 'tri-plex', '5f28c32761f5b4e28a03d11f');
INSERT INTO `property_types` VALUES ('5f28c421fef94bf75c1a6b92', 'commercial', 'commercial', '5f28c32761f5b4e28a03d11f');
INSERT INTO `property_types` VALUES ('5f28c44bf4e9782db472febb', 'retail', 'retail', '5f28c32761f5b4e28a03d11f');
INSERT INTO `property_types` VALUES ('5f28cebea5b59b3763dbb180', 'industrial', 'industrial', '5f28c32761f5b4e28a03d11f');
INSERT INTO `property_types` VALUES ('5f28d00438762cbce020d7b6', 'cab-over', 'cab-over', '5f28c32761f5b4e28a03d11f');
INSERT INTO `property_types` VALUES ('5f476ad468d4931c226cda30', 'multi-family', 'multi-family', '5f28c32761f5b4e28a03d11f');

-- ----------------------------
-- Table structure for sites
-- ----------------------------
DROP TABLE IF EXISTS `sites`;
CREATE TABLE `sites`  (
  `id` varchar(255) CHARACTER SET utf8mb4 COLLATE utf8mb4_general_ci NOT NULL,
  `name` varchar(1024) CHARACTER SET utf8mb4 COLLATE utf8mb4_general_ci NULL DEFAULT NULL,
  `shortName` varchar(255) CHARACTER SET utf8mb4 COLLATE utf8mb4_general_ci NULL DEFAULT NULL,
  PRIMARY KEY (`id`) USING BTREE
) ENGINE = InnoDB CHARACTER SET = utf8mb4 COLLATE = utf8mb4_general_ci ROW_FORMAT = Dynamic;

-- ----------------------------
-- Records of sites
-- ----------------------------
INSERT INTO `sites` VALUES ('5f16134a4f95ff592575ca08', 'Andrew St. Hilaire - Winnipeg Realtor', 'andrew-st-hilaires-realtor-website');

SET FOREIGN_KEY_CHECKS = 1;
